"locus_tag","gene_id"
"SAOUHSC_00001","3919798"
"SAOUHSC_00002","3919799"
"SAOUHSC_00003","3919176"
"SAOUHSC_00004","3919177"
"SAOUHSC_00005","3919178"
"SAOUHSC_00006","3919179"
"SAOUHSC_00007","3919180"
"SAOUHSC_00008","3919181"
"SAOUHSC_00009","3919182"
"SAOUHSC_00010","3919183"
"SAOUHSC_00012","3919184"
"SAOUHSC_00013","3919185"
"SAOUHSC_00014","3919186"
"SAOUHSC_00015","3919187"
"SAOUHSC_00017","3919188"
"SAOUHSC_00018","3919189"
"SAOUHSC_00019","3919190"
"gene-SAOUHSC_T00018",NA
"gene-SAOUHSC_T00011",NA
"SAOUHSC_00020","3919191"
"SAOUHSC_00021","3919192"
"SAOUHSC_00022","3919193"
"SAOUHSC_00023","3919194"
"SAOUHSC_00024","3919195"
"SAOUHSC_00025","3919293"
"SAOUHSC_00026","3919294"
"SAOUHSC_00027","3919295"
"SAOUHSC_00028","3919296"
"SAOUHSC_00029","3919297"
"SAOUHSC_00030","3919298"
"SAOUHSC_00031","3919299"
"SAOUHSC_00032","3919300"
"SAOUHSC_00033","3919301"
"SAOUHSC_00034","3919302"
"SAOUHSC_00035","3919303"
"SAOUHSC_00036","3919304"
"SAOUHSC_00037","3919305"
"SAOUHSC_00038","3919306"
"SAOUHSC_00039","3919307"
"SAOUHSC_00040","3919308"
"SAOUHSC_00041","3919309"
"SAOUHSC_00042","3919310"
"SAOUHSC_00043","3919311"
"SAOUHSC_00044","3919077"
"SAOUHSC_00045","3919078"
"SAOUHSC_00046","3919079"
"SAOUHSC_00047","3919080"
"SAOUHSC_00049","3919081"
"SAOUHSC_00050","3919082"
"SAOUHSC_00051","3919083"
"SAOUHSC_00052","3919084"
"SAOUHSC_00053","3919085"
"SAOUHSC_00054","3919086"
"SAOUHSC_00055","3919087"
"SAOUHSC_00056","3919088"
"SAOUHSC_00057","3919089"
"SAOUHSC_00058","3919090"
"SAOUHSC_00060","3919091"
"SAOUHSC_00061","3919092"
"SAOUHSC_00062","3919093"
"SAOUHSC_00064","3919094"
"SAOUHSC_00065","3919095"
"SAOUHSC_00067","3919096"
"SAOUHSC_00069","3919448"
"SAOUHSC_00070","3919449"
"SAOUHSC_00071","3919450"
"SAOUHSC_00072","3919451"
"SAOUHSC_00074","3919452"
"SAOUHSC_00075","3919453"
"SAOUHSC_00076","3919454"
"SAOUHSC_00077","3919455"
"SAOUHSC_00078","3919456"
"SAOUHSC_00079","3919457"
"SAOUHSC_00080","3919458"
"SAOUHSC_00081","3919459"
"SAOUHSC_00082","3919460"
"SAOUHSC_00083","3919461"
"gene-SAOUHSC_A00084",NA
"SAOUHSC_00084","3919462"
"SAOUHSC_00085","3919463"
"SAOUHSC_00086","3919464"
"SAOUHSC_00087","3919465"
"SAOUHSC_00088","3919466"
"SAOUHSC_00089","3919800"
"SAOUHSC_00090","3919801"
"SAOUHSC_00091","3919802"
"SAOUHSC_00092","3919803"
"SAOUHSC_00093","3919804"
"SAOUHSC_00094","3919805"
"SAOUHSC_00096","3919806"
"gene-SAOUHSC_A00097",NA
"SAOUHSC_00097","3919807"
"SAOUHSC_00099","3919808"
"SAOUHSC_00100","3919809"
"SAOUHSC_00101","3919810"
"SAOUHSC_00102","3919811"
"SAOUHSC_00103","3919812"
"SAOUHSC_00104","3919813"
"SAOUHSC_00105","3919814"
"SAOUHSC_00106","3919815"
"SAOUHSC_00107","3919816"
"SAOUHSC_00108","3919817"
"SAOUHSC_00109","3919818"
"SAOUHSC_00110","3919819"
"SAOUHSC_00111","3919820"
"SAOUHSC_00112","3919821"
"SAOUHSC_00113","3919822"
"SAOUHSC_00114","3919823"
"SAOUHSC_00115","3919824"
"SAOUHSC_00116","3919825"
"SAOUHSC_00117","3919826"
"SAOUHSC_00118","3919827"
"SAOUHSC_00119","3919828"
"SAOUHSC_00120","3919829"
"SAOUHSC_00121","3919830"
"SAOUHSC_00122","3919831"
"SAOUHSC_00123","3919832"
"SAOUHSC_00124","3919833"
"SAOUHSC_00125","3919834"
"SAOUHSC_00126","3919835"
"SAOUHSC_00127","3919836"
"SAOUHSC_00128","3919837"
"SAOUHSC_00129","3919838"
"SAOUHSC_00130","3919839"
"SAOUHSC_00131","3919840"
"SAOUHSC_00132","3919841"
"SAOUHSC_00133","3919842"
"SAOUHSC_00134","3919843"
"SAOUHSC_00135","3919844"
"SAOUHSC_00136","3919845"
"SAOUHSC_00137","3919846"
"SAOUHSC_00138","3919847"
"SAOUHSC_00139","3919848"
"SAOUHSC_00141","3919849"
"SAOUHSC_00142","3919850"
"SAOUHSC_00143","3919851"
"SAOUHSC_00144","3919852"
"SAOUHSC_00145","3919853"
"SAOUHSC_00146","3919854"
"SAOUHSC_00147","3919855"
"SAOUHSC_00148","3919856"
"SAOUHSC_00149","3919857"
"SAOUHSC_00150","3919858"
"SAOUHSC_00151","3919859"
"SAOUHSC_00152","3919860"
"SAOUHSC_00153","3919861"
"SAOUHSC_00154","3919862"
"SAOUHSC_00155","3919863"
"SAOUHSC_00156","3919864"
"SAOUHSC_00157","3919865"
"SAOUHSC_00158","3919866"
"SAOUHSC_00160","3919867"
"SAOUHSC_00161","3919868"
"SAOUHSC_00162","3919869"
"SAOUHSC_00163","3919870"
"SAOUHSC_00164","3919871"
"SAOUHSC_00166","3919872"
"SAOUHSC_00167","3919873"
"SAOUHSC_00168","3919874"
"SAOUHSC_00169","3919875"
"SAOUHSC_00170","3919876"
"SAOUHSC_00171","3919877"
"SAOUHSC_00172","3919486"
"SAOUHSC_00173","3919487"
"SAOUHSC_00174","3919488"
"SAOUHSC_00175","3919489"
"SAOUHSC_00176","3919490"
"SAOUHSC_00177","3919491"
"SAOUHSC_00178","3919492"
"SAOUHSC_00179","3919493"
"SAOUHSC_00180","3919494"
"SAOUHSC_00181","3919495"
"SAOUHSC_00182","3919496"
"SAOUHSC_00183","3919497"
"SAOUHSC_00184","3919498"
"SAOUHSC_00185","3919499"
"SAOUHSC_00186","3919500"
"SAOUHSC_00187","3919501"
"SAOUHSC_00188","3919502"
"SAOUHSC_00189","3919503"
"SAOUHSC_00190","3919504"
"SAOUHSC_00191","3919505"
"SAOUHSC_00192","3920348"
"SAOUHSC_00193","3920349"
"SAOUHSC_00194","3920350"
"SAOUHSC_00195","3920351"
"SAOUHSC_00196","3920352"
"SAOUHSC_00197","3920353"
"SAOUHSC_00198","3920354"
"SAOUHSC_00199","3920355"
"SAOUHSC_00200","3920356"
"SAOUHSC_00201","3920357"
"SAOUHSC_00202","3920358"
"SAOUHSC_00203","3920359"
"SAOUHSC_00204","3920360"
"SAOUHSC_00205","3920361"
"SAOUHSC_00206","3920362"
"SAOUHSC_00208","3920363"
"SAOUHSC_00209","3920364"
"SAOUHSC_00211","3920365"
"SAOUHSC_00212","3920366"
"SAOUHSC_00213","3920289"
"SAOUHSC_00214","3920290"
"SAOUHSC_00215","3920291"
"SAOUHSC_00216","3920292"
"SAOUHSC_00217","3920293"
"SAOUHSC_00218","3920294"
"SAOUHSC_00219","3920295"
"SAOUHSC_00220","3920296"
"SAOUHSC_00221","3920297"
"gene-SAOUHSC_A00219",NA
"SAOUHSC_00222","3920298"
"SAOUHSC_00223","3920299"
"SAOUHSC_00225","3920300"
"SAOUHSC_00226","3920301"
"SAOUHSC_00227","3920302"
"SAOUHSC_00228","3920303"
"SAOUHSC_00229","3920304"
"SAOUHSC_00230","3920305"
"SAOUHSC_00231","3920306"
"SAOUHSC_00232","3920307"
"SAOUHSC_00233","3920308"
"SAOUHSC_00234","3919254"
"SAOUHSC_00235","3919255"
"SAOUHSC_00236","3919256"
"SAOUHSC_00237","3919257"
"SAOUHSC_00238","3919258"
"SAOUHSC_00239","3919259"
"SAOUHSC_00240","3919260"
"SAOUHSC_00241","3919261"
"SAOUHSC_00242","3919262"
"SAOUHSC_00243","3919263"
"SAOUHSC_00244","3919264"
"SAOUHSC_00245","3919265"
"SAOUHSC_00246","3919266"
"SAOUHSC_00247","3919267"
"SAOUHSC_00248","3919268"
"SAOUHSC_00249","3919269"
"SAOUHSC_00250","3919270"
"SAOUHSC_00251","3919271"
"SAOUHSC_00253","3919272"
"SAOUHSC_00254","3919196"
"SAOUHSC_00255","3919197"
"SAOUHSC_00256","3919198"
"SAOUHSC_00257","3919199"
"SAOUHSC_00258","3919200"
"SAOUHSC_00259","3919201"
"SAOUHSC_00260","3919202"
"SAOUHSC_00261","3919203"
"SAOUHSC_00262","3919204"
"SAOUHSC_00264","3919205"
"SAOUHSC_00265","3919206"
"SAOUHSC_00266","3919207"
"SAOUHSC_00267","3919208"
"SAOUHSC_00268","3919209"
"SAOUHSC_00269","3919210"
"SAOUHSC_00270","3919211"
"SAOUHSC_00271","3919212"
"SAOUHSC_00272","3919213"
"SAOUHSC_00274","3919214"
"SAOUHSC_00275","3919215"
"SAOUHSC_00276","3918960"
"SAOUHSC_00277","3918961"
"SAOUHSC_00278","3918962"
"SAOUHSC_00279","3918963"
"SAOUHSC_00280","3918964"
"SAOUHSC_00281","3918965"
"SAOUHSC_00282","3918966"
"SAOUHSC_00284","3918967"
"gene-SAOUHSC_A00283",NA
"SAOUHSC_00285","3918968"
"SAOUHSC_00287","3918969"
"SAOUHSC_00289","3918970"
"SAOUHSC_00290","3918971"
"SAOUHSC_00291","3918972"
"SAOUHSC_00292","3918973"
"SAOUHSC_00293","3918974"
"SAOUHSC_00294","3918975"
"SAOUHSC_00295","3918976"
"SAOUHSC_00296","3918977"
"SAOUHSC_00297","3918978"
"SAOUHSC_00298","3919525"
"SAOUHSC_00299","3919526"
"SAOUHSC_00300","3919527"
"SAOUHSC_00301","3919528"
"SAOUHSC_00302","3919529"
"SAOUHSC_00303","3919530"
"SAOUHSC_00304","3919531"
"SAOUHSC_00305","3919532"
"SAOUHSC_00306","3919533"
"SAOUHSC_00307","3919534"
"SAOUHSC_00308","3919535"
"SAOUHSC_00309","3919536"
"SAOUHSC_00310","3919537"
"SAOUHSC_00311","3919538"
"SAOUHSC_00312","3919539"
"SAOUHSC_00313","3919540"
"SAOUHSC_00314","3919541"
"SAOUHSC_00315","3919542"
"SAOUHSC_00316","3919543"
"SAOUHSC_00317","3919544"
"SAOUHSC_00318","3919584"
"SAOUHSC_00319","3919585"
"SAOUHSC_00320","3919586"
"SAOUHSC_00322","3919587"
"SAOUHSC_00323","3919588"
"SAOUHSC_00324","3919589"
"SAOUHSC_00325","3919590"
"SAOUHSC_00326","3919591"
"SAOUHSC_00327","3919592"
"SAOUHSC_00328","3919593"
"SAOUHSC_00329","3919594"
"SAOUHSC_00330","3919595"
"SAOUHSC_00331","3919596"
"SAOUHSC_00332","3919597"
"SAOUHSC_00333","3919598"
"SAOUHSC_00334","3919599"
"SAOUHSC_00335","3919600"
"gene-SAOUHSC_A00332",NA
"SAOUHSC_00336","3919601"
"SAOUHSC_00337","3919602"
"SAOUHSC_00338","3921812"
"SAOUHSC_00339","3921813"
"SAOUHSC_00340","3921814"
"SAOUHSC_00341","3921815"
"SAOUHSC_00342","3921816"
"SAOUHSC_00344","3921817"
"SAOUHSC_00345","3921818"
"SAOUHSC_00346","3921819"
"SAOUHSC_00347","3921820"
"SAOUHSC_00348","3921821"
"SAOUHSC_00349","3921822"
"SAOUHSC_00350","3921823"
"SAOUHSC_00351","3921824"
"SAOUHSC_00352","3921825"
"SAOUHSC_00353","3921826"
"SAOUHSC_00354","3921827"
"SAOUHSC_00355","3921828"
"SAOUHSC_00356","3921829"
"SAOUHSC_00357","3921830"
"SAOUHSC_00358","3921831"
"gene-SAOUHSC_A00354",NA
"SAOUHSC_00359","3919779"
"SAOUHSC_00360","3919780"
"SAOUHSC_00362","3919781"
"SAOUHSC_00363","3919782"
"SAOUHSC_00364","3919783"
"SAOUHSC_00365","3919784"
"SAOUHSC_00366","3919785"
"SAOUHSC_00367","3919786"
"SAOUHSC_00368","3919787"
"SAOUHSC_00369","3919788"
"SAOUHSC_00370","3919789"
"SAOUHSC_00371","3919790"
"SAOUHSC_00372","3919791"
"SAOUHSC_00373","3919792"
"SAOUHSC_00374","3919793"
"SAOUHSC_00375","3919794"
"SAOUHSC_00376","3919795"
"SAOUHSC_00377","3919796"
"SAOUHSC_00378","3919797"
"SAOUHSC_00380","3919117"
"SAOUHSC_00381","3919118"
"SAOUHSC_00382","3919119"
"SAOUHSC_00383","3919120"
"SAOUHSC_00384","3919121"
"SAOUHSC_00386","3919122"
"SAOUHSC_00387","3919123"
"SAOUHSC_00389","3919124"
"SAOUHSC_00390","3919125"
"gene-SAOUHSC_A00379",NA
"SAOUHSC_00391","3919126"
"SAOUHSC_00392","3919127"
"SAOUHSC_00393","3919128"
"SAOUHSC_00394","3919129"
"SAOUHSC_00395","3919130"
"SAOUHSC_00396","3919131"
"SAOUHSC_00397","3919132"
"SAOUHSC_00398","3919133"
"SAOUHSC_00399","3919134"
"SAOUHSC_00400","3919135"
"SAOUHSC_00401","3919136"
"SAOUHSC_00402","3920561"
"SAOUHSC_00404","3920562"
"SAOUHSC_00405","3920563"
"SAOUHSC_00406","3920564"
"SAOUHSC_00407","3920565"
"SAOUHSC_00408","3920566"
"SAOUHSC_00409","3920567"
"SAOUHSC_00410","3920568"
"SAOUHSC_00411","3920569"
"SAOUHSC_00412","3920570"
"SAOUHSC_00413","3920571"
"SAOUHSC_00414","3920572"
"SAOUHSC_00415","3920573"
"SAOUHSC_00416","3920574"
"SAOUHSC_00417","3920575"
"SAOUHSC_00418","3920576"
"SAOUHSC_00420","3920577"
"SAOUHSC_00421","3920578"
"SAOUHSC_00422","3920579"
"SAOUHSC_00423","3919097"
"SAOUHSC_00424","3919098"
"SAOUHSC_00426","3919099"
"SAOUHSC_00427","3919100"
"SAOUHSC_00428","3919101"
"SAOUHSC_00429","3919102"
"SAOUHSC_00430","3919103"
"SAOUHSC_00431","3919104"
"SAOUHSC_00433","3919105"
"SAOUHSC_00434","3919106"
"SAOUHSC_00435","3919107"
"SAOUHSC_00436","3919108"
"gene-SAOUHSC_T00048",NA
"SAOUHSC_00437","3919109"
"SAOUHSC_00438","3919110"
"SAOUHSC_00439","3919111"
"SAOUHSC_00440","3919112"
"SAOUHSC_00441","3919113"
"SAOUHSC_00442","3919114"
"SAOUHSC_00444","3919115"
"SAOUHSC_00445","3919116"
"SAOUHSC_00446","3920309"
"gene-SAOUHSC_R0001",NA
"gene-SAOUHSC_R0006",NA
"gene-SAOUHSC_R00011",NA
"SAOUHSC_00450","3920310"
"SAOUHSC_00451","3920311"
"SAOUHSC_00452","3920312"
"SAOUHSC_00453","3920313"
"SAOUHSC_00454","3920314"
"SAOUHSC_00455","3920315"
"SAOUHSC_00456","3920316"
"SAOUHSC_00457","3920317"
"SAOUHSC_00458","3920318"
"SAOUHSC_00459","3920319"
"SAOUHSC_00460","3920320"
"SAOUHSC_00461","3920321"
"SAOUHSC_00462","3920322"
"SAOUHSC_00463","3920323"
"SAOUHSC_00464","3920324"
"SAOUHSC_00465","3920325"
"SAOUHSC_00466","3920326"
"SAOUHSC_00467","3920327"
"SAOUHSC_00468","3920328"
"SAOUHSC_00469","3920329"
"SAOUHSC_00470","3920330"
"SAOUHSC_00471","3920331"
"SAOUHSC_00472","3920332"
"SAOUHSC_00473","3920333"
"SAOUHSC_00474","3920334"
"SAOUHSC_00475","3920335"
"SAOUHSC_00477","3920336"
"SAOUHSC_00479","3920337"
"SAOUHSC_00480","3920338"
"SAOUHSC_00481","3920339"
"SAOUHSC_00482","3920340"
"SAOUHSC_00483","3920341"
"SAOUHSC_00484","3920342"
"SAOUHSC_00485","3920343"
"SAOUHSC_00486","3920344"
"SAOUHSC_00487","3920345"
"SAOUHSC_00488","3920346"
"SAOUHSC_00489","3920347"
"SAOUHSC_00490","3920406"
"SAOUHSC_00491","3920407"
"SAOUHSC_00492","3920408"
"SAOUHSC_00493","3920409"
"gene-SAOUHSC_R00016",NA
"gene-SAOUHSC_T00059",NA
"gene-SAOUHSC_T00053",NA
"gene-SAOUHSC_T00035",NA
"gene-SAOUHSC_T00021",NA
"gene-SAOUHSC_T00030",NA
"gene-SAOUHSC_T0004",NA
"gene-SAOUHSC_T00044",NA
"gene-SAOUHSC_T0001",NA
"gene-SAOUHSC_R0002",NA
"gene-SAOUHSC_R0007",NA
"gene-SAOUHSC_R00012",NA
"SAOUHSC_00497","3920410"
"SAOUHSC_00499","3920411"
"SAOUHSC_00500","3920412"
"SAOUHSC_00501","3920413"
"SAOUHSC_00502","3920414"
"SAOUHSC_00503","3920415"
"SAOUHSC_00504","3920416"
"SAOUHSC_00505","3920417"
"SAOUHSC_00506","3920418"
"SAOUHSC_00507","3920419"
"SAOUHSC_00508","3920420"
"SAOUHSC_00509","3920421"
"SAOUHSC_00510","3920422"
"SAOUHSC_00511","3920423"
"SAOUHSC_00512","3920424"
"SAOUHSC_00513","3920367"
"SAOUHSC_00514","3920368"
"SAOUHSC_00515","3920369"
"SAOUHSC_00516","3920370"
"SAOUHSC_00517","3920371"
"SAOUHSC_00518","3920372"
"SAOUHSC_00519","3920373"
"SAOUHSC_00520","3920374"
"SAOUHSC_00521","3920375"
"SAOUHSC_00523","3920376"
"SAOUHSC_00524","3920377"
"SAOUHSC_00525","3920378"
"SAOUHSC_00526","3920379"
"SAOUHSC_00527","3920380"
"SAOUHSC_00528","3920381"
"SAOUHSC_00529","3920382"
"SAOUHSC_00530","3920383"
"SAOUHSC_00531","3920384"
"SAOUHSC_00532","3920385"
"SAOUHSC_00533","3920386"
"SAOUHSC_00534","3920814"
"SAOUHSC_00535","3920815"
"SAOUHSC_00536","3920816"
"SAOUHSC_00537","3920817"
"SAOUHSC_00538","3920818"
"SAOUHSC_00539","3920819"
"SAOUHSC_00540","3920820"
"SAOUHSC_00541","3920821"
"SAOUHSC_00542","3920822"
"SAOUHSC_00543","3920823"
"gene-SAOUHSC_A00526",NA
"SAOUHSC_00544","3920824"
"SAOUHSC_00545","3920825"
"SAOUHSC_00547","3920826"
"SAOUHSC_00548","3920827"
"SAOUHSC_00549","3920828"
"SAOUHSC_00550","3920829"
"SAOUHSC_00551","3920830"
"SAOUHSC_00552","3920831"
"SAOUHSC_00553","3920832"
"SAOUHSC_00554","3920599"
"SAOUHSC_00555","3920600"
"SAOUHSC_00556","3920601"
"SAOUHSC_00557","3920602"
"SAOUHSC_00558","3920603"
"SAOUHSC_00559","3920604"
"SAOUHSC_00560","3920605"
"SAOUHSC_00561","3920606"
"SAOUHSC_00562","3920607"
"SAOUHSC_00564","3920608"
"SAOUHSC_00565","3920609"
"SAOUHSC_00567","3920610"
"SAOUHSC_00569","3920611"
"SAOUHSC_00571","3920612"
"SAOUHSC_00572","3920613"
"SAOUHSC_00573","3920614"
"SAOUHSC_00574","3920615"
"SAOUHSC_00575","3920616"
"SAOUHSC_00577","3920617"
"SAOUHSC_00578","3920618"
"SAOUHSC_00579","3920503"
"SAOUHSC_00580","3920504"
"SAOUHSC_00581","3920505"
"SAOUHSC_00582","3920506"
"SAOUHSC_00583","3920507"
"SAOUHSC_00584","3920508"
"SAOUHSC_00585","3920509"
"SAOUHSC_00586","3920510"
"SAOUHSC_00587","3920511"
"SAOUHSC_00588","3920512"
"SAOUHSC_00589","3920513"
"SAOUHSC_00591","3920514"
"SAOUHSC_00592","3920515"
"SAOUHSC_00593","3920516"
"SAOUHSC_00595","3920517"
"SAOUHSC_00596","3920518"
"SAOUHSC_00598","3920519"
"SAOUHSC_00599","3920520"
"SAOUHSC_00600","3920521"
"SAOUHSC_00602","3918921"
"SAOUHSC_00603","3918922"
"SAOUHSC_00604","3918923"
"SAOUHSC_00605","3918924"
"SAOUHSC_00606","3918925"
"SAOUHSC_00607","3918926"
"SAOUHSC_00608","3918927"
"SAOUHSC_00609","3918928"
"SAOUHSC_00610","3918929"
"SAOUHSC_00611","3918930"
"SAOUHSC_00612","3918931"
"SAOUHSC_00613","3918932"
"SAOUHSC_00614","3918933"
"SAOUHSC_00615","3918934"
"SAOUHSC_00616","3918935"
"SAOUHSC_00617","3918936"
"SAOUHSC_00618","3918937"
"SAOUHSC_00619","3918938"
"SAOUHSC_00620","3918939"
"SAOUHSC_00621","3918940"
"SAOUHSC_00622","3920033"
"SAOUHSC_00624","3920034"
"SAOUHSC_00625","3920035"
"SAOUHSC_00626","3920036"
"SAOUHSC_00627","3920037"
"SAOUHSC_00628","3920038"
"SAOUHSC_00629","3920039"
"SAOUHSC_00630","3920040"
"SAOUHSC_00632","3920041"
"SAOUHSC_00633","3920042"
"SAOUHSC_00634","3920043"
"SAOUHSC_00636","3920044"
"SAOUHSC_00637","3920045"
"SAOUHSC_00638","3920046"
"SAOUHSC_00639","3920047"
"SAOUHSC_00640","3920048"
"SAOUHSC_00641","3920049"
"SAOUHSC_00642","3920050"
"SAOUHSC_00643","3920051"
"SAOUHSC_00644","3919936"
"SAOUHSC_00645","3919937"
"SAOUHSC_00646","3919938"
"SAOUHSC_00647","3919939"
"SAOUHSC_00648","3919940"
"SAOUHSC_00650","3919941"
"SAOUHSC_00651","3919942"
"SAOUHSC_00652","3919943"
"SAOUHSC_00653","3919944"
"SAOUHSC_00654","3919945"
"SAOUHSC_00655","3919946"
"SAOUHSC_00656","3919947"
"SAOUHSC_00658","3919948"
"SAOUHSC_00659","3919949"
"SAOUHSC_00660","3919950"
"SAOUHSC_00661","3919951"
"gene-SAOUHSC_A00635",NA
"SAOUHSC_00662","3919952"
"SAOUHSC_00663","3919953"
"SAOUHSC_00664","3919954"
"SAOUHSC_00665","3919955"
"SAOUHSC_00666","3919429"
"SAOUHSC_00667","3919430"
"SAOUHSC_00668","3919431"
"SAOUHSC_00669","3919432"
"SAOUHSC_00670","3919433"
"SAOUHSC_00671","3919434"
"SAOUHSC_00672","3919435"
"SAOUHSC_00673","3919436"
"SAOUHSC_00674","3919437"
"SAOUHSC_00675","3919438"
"SAOUHSC_00676","3919439"
"SAOUHSC_00677","3919440"
"SAOUHSC_00678","3919441"
"SAOUHSC_00679","3919442"
"SAOUHSC_00680","3919443"
"SAOUHSC_00681","3919444"
"SAOUHSC_00682","3919445"
"SAOUHSC_00683","3919446"
"SAOUHSC_00684","3919447"
"SAOUHSC_00685","3920989"
"SAOUHSC_00686","3920990"
"SAOUHSC_00687","3920991"
"SAOUHSC_00688","3920992"
"SAOUHSC_00689","3920993"
"SAOUHSC_00690","3920994"
"SAOUHSC_00691","3920995"
"SAOUHSC_00692","3920996"
"SAOUHSC_00693","3920997"
"SAOUHSC_00694","3920998"
"SAOUHSC_00695","3920999"
"SAOUHSC_00696","3921000"
"SAOUHSC_00697","3921001"
"SAOUHSC_00698","3921002"
"SAOUHSC_00699","3921003"
"SAOUHSC_00700","3921004"
"SAOUHSC_00701","3921005"
"SAOUHSC_00702","3921006"
"SAOUHSC_00703","3921007"
"SAOUHSC_00704","3921008"
"SAOUHSC_00705","3919332"
"SAOUHSC_00706","3919333"
"SAOUHSC_00707","3919334"
"SAOUHSC_00708","3919335"
"SAOUHSC_00709","3919336"
"SAOUHSC_00710","3919337"
"SAOUHSC_00711","3919338"
"SAOUHSC_00712","3919339"
"SAOUHSC_00713","3919340"
"SAOUHSC_00714","3919341"
"SAOUHSC_00715","3919342"
"SAOUHSC_00716","3919343"
"SAOUHSC_00717","3919344"
"SAOUHSC_00718","3919345"
"SAOUHSC_00719","3919346"
"SAOUHSC_00720","3919347"
"SAOUHSC_00721","3919348"
"SAOUHSC_00722","3919349"
"SAOUHSC_00723","3919350"
"SAOUHSC_00724","3920969"
"SAOUHSC_00725","3920970"
"SAOUHSC_00726","3920971"
"SAOUHSC_00727","3920972"
"SAOUHSC_00728","3920973"
"gene-SAOUHSC_A00703",NA
"SAOUHSC_00729","3920974"
"SAOUHSC_00730","3920975"
"SAOUHSC_00731","3920976"
"SAOUHSC_00732","3920977"
"SAOUHSC_00733","3920978"
"SAOUHSC_00734","3920979"
"SAOUHSC_00735","3920980"
"SAOUHSC_00736","3920981"
"SAOUHSC_00737","3920982"
"SAOUHSC_00738","3920983"
"SAOUHSC_00739","3920984"
"SAOUHSC_00740","3920985"
"SAOUHSC_00741","3920986"
"SAOUHSC_00742","3920987"
"SAOUHSC_00743","3920988"
"SAOUHSC_00744","3919506"
"SAOUHSC_00745","3919507"
"SAOUHSC_00746","3919508"
"SAOUHSC_00747","3919509"
"SAOUHSC_00748","3919510"
"SAOUHSC_00749","3919511"
"SAOUHSC_00751","3919512"
"SAOUHSC_00752","3919513"
"SAOUHSC_00753","3919514"
"SAOUHSC_00754","3919515"
"SAOUHSC_00755","3919516"
"SAOUHSC_00756","3919517"
"SAOUHSC_00757","3919518"
"SAOUHSC_00758","3919519"
"SAOUHSC_00759","3919520"
"SAOUHSC_00760","3919521"
"SAOUHSC_00762","3919522"
"SAOUHSC_00763","3919523"
"SAOUHSC_00764","3919524"
"SAOUHSC_00765","3919057"
"SAOUHSC_00766","3919058"
"SAOUHSC_00767","3919059"
"SAOUHSC_00769","3919060"
"SAOUHSC_00770","3919061"
"SAOUHSC_00771","3919062"
"SAOUHSC_00772","3919063"
"SAOUHSC_00773","3919064"
"SAOUHSC_00774","3919065"
"SAOUHSC_00775","3919066"
"SAOUHSC_00776","3919067"
"SAOUHSC_00778","3919068"
"gene-SAOUHSC_A00747",NA
"SAOUHSC_00779","3919069"
"SAOUHSC_00780","3919070"
"SAOUHSC_00781","3919071"
"SAOUHSC_00782","3919072"
"SAOUHSC_00783","3919073"
"SAOUHSC_00784","3919074"
"SAOUHSC_00785","3919075"
"SAOUHSC_00786","3919076"
"SAOUHSC_00787","3919351"
"SAOUHSC_00788","3919352"
"SAOUHSC_00789","3919353"
"gene-SAOUHSC_T0005",NA
"SAOUHSC_00790","3919354"
"SAOUHSC_00792","3919355"
"SAOUHSC_00793","3919356"
"SAOUHSC_00794","3919357"
"SAOUHSC_00795","3919358"
"SAOUHSC_00796","3919359"
"SAOUHSC_00797","3919360"
"SAOUHSC_00798","3919361"
"SAOUHSC_00799","3919362"
"SAOUHSC_00800","3919363"
"SAOUHSC_00801","3919364"
"SAOUHSC_00802","3919365"
"SAOUHSC_00803","3919366"
"SAOUHSC_00804","3919367"
"SAOUHSC_00805","3919368"
"SAOUHSC_00806","3919369"
"SAOUHSC_00807","3919370"
"SAOUHSC_00808","3919371"
"SAOUHSC_00809","3919372"
"SAOUHSC_00810","3919373"
"SAOUHSC_00811","3919374"
"SAOUHSC_00812","3919375"
"SAOUHSC_00813","3919376"
"SAOUHSC_00814","3919377"
"SAOUHSC_00816","3919378"
"SAOUHSC_00817","3919379"
"SAOUHSC_00818","3919380"
"SAOUHSC_00819","3919381"
"SAOUHSC_00820","3919382"
"SAOUHSC_00821","3919383"
"SAOUHSC_00822","3919384"
"SAOUHSC_00823","3919385"
"SAOUHSC_00824","3919386"
"SAOUHSC_00825","3919387"
"SAOUHSC_00826","3919388"
"SAOUHSC_00827","3919389"
"SAOUHSC_00828","3918941"
"SAOUHSC_00830","3918942"
"SAOUHSC_00831","3918943"
"SAOUHSC_00832","3918944"
"SAOUHSC_00833","3918945"
"SAOUHSC_00834","3918946"
"SAOUHSC_00835","3918947"
"SAOUHSC_00836","3918948"
"SAOUHSC_00837","3918949"
"SAOUHSC_00838","3918950"
"SAOUHSC_00839","3918951"
"SAOUHSC_00840","3918952"
"SAOUHSC_00841","3918953"
"SAOUHSC_00842","3918954"
"SAOUHSC_00843","3918955"
"SAOUHSC_00844","3918956"
"SAOUHSC_00845","3918957"
"SAOUHSC_00846","3918958"
"SAOUHSC_00847","3918959"
"SAOUHSC_00848","3918979"
"SAOUHSC_00849","3918980"
"SAOUHSC_00850","3918981"
"SAOUHSC_00851","3918982"
"SAOUHSC_00852","3918983"
"SAOUHSC_00853","3918984"
"SAOUHSC_00854","3918985"
"SAOUHSC_00855","3918986"
"SAOUHSC_00857","3918987"
"SAOUHSC_00858","3918988"
"SAOUHSC_00859","3918989"
"SAOUHSC_00860","3918990"
"SAOUHSC_00861","3918991"
"SAOUHSC_00862","3918992"
"SAOUHSC_00863","3918993"
"SAOUHSC_00864","3918994"
"SAOUHSC_00865","3918995"
"SAOUHSC_00866","3918996"
"SAOUHSC_00867","3918997"
"SAOUHSC_00868","3918998"
"SAOUHSC_00869","3919216"
"SAOUHSC_00870","3919217"
"SAOUHSC_00871","3919218"
"SAOUHSC_00872","3919219"
"SAOUHSC_00873","3919220"
"SAOUHSC_00874","3919221"
"SAOUHSC_00875","3919222"
"SAOUHSC_00876","3919223"
"SAOUHSC_00877","3919224"
"SAOUHSC_00878","3919225"
"SAOUHSC_00879","3919226"
"SAOUHSC_00880","3919227"
"SAOUHSC_00881","3919228"
"SAOUHSC_00882","3919229"
"SAOUHSC_00883","3919230"
"SAOUHSC_00884","3919231"
"SAOUHSC_00885","3919232"
"SAOUHSC_00886","3919233"
"SAOUHSC_00887","3919234"
"SAOUHSC_00888","3921734"
"SAOUHSC_00889","3921735"
"SAOUHSC_00890","3921736"
"SAOUHSC_00891","3921737"
"SAOUHSC_00892","3921738"
"SAOUHSC_00893","3921739"
"SAOUHSC_00894","3921740"
"SAOUHSC_00895","3921741"
"SAOUHSC_00896","3921742"
"SAOUHSC_00897","3921743"
"SAOUHSC_00898","3921744"
"SAOUHSC_00899","3921745"
"SAOUHSC_00900","3921746"
"SAOUHSC_00901","3921747"
"SAOUHSC_00902","3921748"
"SAOUHSC_00903","3921749"
"SAOUHSC_00904","3921750"
"SAOUHSC_00905","3921751"
"SAOUHSC_00906","3921752"
"SAOUHSC_00907","3921753"
"SAOUHSC_00908","3920795"
"SAOUHSC_00909","3920796"
"SAOUHSC_00910","3920797"
"SAOUHSC_00911","3920798"
"SAOUHSC_00912","3920799"
"SAOUHSC_00913","3920800"
"SAOUHSC_00914","3920801"
"SAOUHSC_00915","3920802"
"SAOUHSC_00916","3920803"
"SAOUHSC_00917","3920804"
"SAOUHSC_00918","3920805"
"SAOUHSC_00919","3920806"
"SAOUHSC_00920","3920807"
"SAOUHSC_00921","3920808"
"SAOUHSC_00922","3920809"
"SAOUHSC_00923","3920810"
"SAOUHSC_00924","3920811"
"SAOUHSC_00925","3920812"
"SAOUHSC_00926","3920813"
"SAOUHSC_00927","3920756"
"SAOUHSC_00928","3920757"
"SAOUHSC_00929","3920758"
"SAOUHSC_00930","3920759"
"SAOUHSC_00931","3920760"
"SAOUHSC_00932","3920761"
"SAOUHSC_00933","3920762"
"SAOUHSC_00934","3920763"
"SAOUHSC_00935","3920764"
"SAOUHSC_00936","3920765"
"SAOUHSC_00937","3920766"
"SAOUHSC_00938","3920767"
"SAOUHSC_00939","3920768"
"SAOUHSC_00940","3920769"
"SAOUHSC_00941","3920770"
"SAOUHSC_00942","3920771"
"SAOUHSC_00943","3920772"
"SAOUHSC_00944","3920773"
"SAOUHSC_00945","3920774"
"SAOUHSC_00946","3920775"
"SAOUHSC_00947","3920658"
"SAOUHSC_00948","3920659"
"SAOUHSC_00949","3920660"
"SAOUHSC_00950","3920661"
"SAOUHSC_00951","3920662"
"SAOUHSC_00952","3920663"
"SAOUHSC_00953","3920664"
"SAOUHSC_00954","3920665"
"SAOUHSC_00955","3920666"
"SAOUHSC_00956","3920667"
"SAOUHSC_00957","3920668"
"SAOUHSC_00958","3920669"
"SAOUHSC_00959","3920670"
"SAOUHSC_00960","3920671"
"gene-SAOUHSC_T00049",NA
"gene-SAOUHSC_T0008",NA
"SAOUHSC_00961","3920672"
"SAOUHSC_00962","3920673"
"SAOUHSC_00963","3920674"
"SAOUHSC_00964","3920675"
"SAOUHSC_00965","3920676"
"SAOUHSC_00966","3920111"
"SAOUHSC_00967","3920112"
"SAOUHSC_00968","3920113"
"SAOUHSC_00969","3920114"
"SAOUHSC_00970","3920115"
"SAOUHSC_00971","3920116"
"SAOUHSC_00972","3920117"
"SAOUHSC_00973","3920118"
"SAOUHSC_00974","3920119"
"SAOUHSC_00975","3920120"
"SAOUHSC_00976","3920121"
"SAOUHSC_00977","3920122"
"SAOUHSC_00978","3920123"
"SAOUHSC_00979","3920124"
"SAOUHSC_00980","3920125"
"SAOUHSC_00981","3920126"
"SAOUHSC_00982","3920127"
"SAOUHSC_00983","3920128"
"SAOUHSC_00984","3920129"
"SAOUHSC_00985","3920130"
"SAOUHSC_00986","3920387"
"SAOUHSC_00987","3920388"
"SAOUHSC_00988","3920389"
"SAOUHSC_00989","3920390"
"SAOUHSC_00991","3920391"
"SAOUHSC_00992","3920392"
"SAOUHSC_00993","3920393"
"SAOUHSC_00994","3920394"
"SAOUHSC_00995","3920395"
"SAOUHSC_00996","3920396"
"SAOUHSC_00997","3920397"
"SAOUHSC_00998","3920398"
"SAOUHSC_00999","3920399"
"SAOUHSC_01000","3920400"
"SAOUHSC_01001","3920401"
"SAOUHSC_01002","3920402"
"SAOUHSC_01003","3920403"
"SAOUHSC_01005","3920404"
"SAOUHSC_01007","3920405"
"SAOUHSC_01008","3920269"
"SAOUHSC_01009","3920270"
"SAOUHSC_01010","3920271"
"SAOUHSC_01011","3920272"
"SAOUHSC_01012","3920273"
"SAOUHSC_01013","3920274"
"SAOUHSC_01014","3920275"
"SAOUHSC_01015","3920276"
"SAOUHSC_01016","3920277"
"SAOUHSC_01017","3920278"
"SAOUHSC_01018","3920279"
"SAOUHSC_01019","3920280"
"SAOUHSC_01021","3920281"
"SAOUHSC_01022","3920282"
"SAOUHSC_01023","3920283"
"SAOUHSC_01024","3920284"
"SAOUHSC_01025","3920285"
"SAOUHSC_01026","3920286"
"SAOUHSC_01027","3920287"
"SAOUHSC_01028","3920288"
"SAOUHSC_01029","3919878"
"SAOUHSC_01030","3919879"
"SAOUHSC_01031","3919880"
"SAOUHSC_01032","3919881"
"SAOUHSC_01034","3919882"
"gene-SAOUHSC_A00992",NA
"SAOUHSC_01035","3919883"
"SAOUHSC_01036","3919884"
"SAOUHSC_01037","3919885"
"SAOUHSC_01038","3919886"
"SAOUHSC_01039","3919887"
"SAOUHSC_01040","3919888"
"SAOUHSC_01041","3919889"
"SAOUHSC_01042","3919890"
"SAOUHSC_01043","3919891"
"SAOUHSC_01044","3919892"
"SAOUHSC_01045","3919893"
"SAOUHSC_01046","3919894"
"SAOUHSC_01047","3919895"
"SAOUHSC_01048","3919896"
"SAOUHSC_01049","3921714"
"SAOUHSC_01050","3921715"
"SAOUHSC_01051","3921716"
"SAOUHSC_01053","3921717"
"SAOUHSC_01054","3921718"
"SAOUHSC_01055","3921719"
"SAOUHSC_01057","3921720"
"SAOUHSC_01058","3921721"
"SAOUHSC_01060","3921722"
"SAOUHSC_01061","3921723"
"SAOUHSC_01062","3921724"
"SAOUHSC_01063","3921725"
"SAOUHSC_01064","3921726"
"SAOUHSC_01065","3921727"
"SAOUHSC_01066","3921728"
"SAOUHSC_01067","3921729"
"SAOUHSC_01068","3921730"
"SAOUHSC_01069","3921731"
"SAOUHSC_01070","3921732"
"SAOUHSC_01071","3921733"
"SAOUHSC_01072","3919235"
"SAOUHSC_01073","3919236"
"SAOUHSC_01074","3919237"
"SAOUHSC_01075","3919238"
"SAOUHSC_01076","3919239"
"SAOUHSC_01077","3919240"
"gene-SAOUHSC_A01041",NA
"SAOUHSC_01078","3919241"
"SAOUHSC_01079","3919242"
"SAOUHSC_01081","3919243"
"SAOUHSC_01082","3919244"
"SAOUHSC_01084","3919245"
"SAOUHSC_01085","3919246"
"SAOUHSC_01086","3919247"
"SAOUHSC_01087","3919248"
"SAOUHSC_01088","3919249"
"SAOUHSC_01089","3919250"
"SAOUHSC_01090","3919251"
"SAOUHSC_01091","3919252"
"SAOUHSC_01092","3919253"
"SAOUHSC_01093","3920736"
"SAOUHSC_01095","3920737"
"SAOUHSC_01096","3920738"
"SAOUHSC_01097","3920739"
"SAOUHSC_01098","3920740"
"SAOUHSC_01099","3920741"
"SAOUHSC_01100","3920742"
"SAOUHSC_01101","3920743"
"SAOUHSC_01102","3920744"
"SAOUHSC_01103","3920745"
"SAOUHSC_01104","3920746"
"SAOUHSC_01105","3920747"
"SAOUHSC_01106","3920748"
"SAOUHSC_01107","3920749"
"SAOUHSC_01108","3920750"
"SAOUHSC_01109","3920751"
"SAOUHSC_01110","3920752"
"SAOUHSC_01111","3920753"
"SAOUHSC_01112","3920754"
"SAOUHSC_01113","3920755"
"SAOUHSC_01114","3920717"
"SAOUHSC_01115","3920718"
"SAOUHSC_01118","3920719"
"gene-SAOUHSC_A01079",NA
"SAOUHSC_01119","3920720"
"gene-SAOUHSC_A01081",NA
"SAOUHSC_01120","3920721"
"SAOUHSC_01121","3920722"
"SAOUHSC_01122","3920723"
"SAOUHSC_01123","3920724"
"SAOUHSC_01124","3920725"
"SAOUHSC_01125","3920726"
"SAOUHSC_01127","3920727"
"SAOUHSC_01128","3920728"
"SAOUHSC_01129","3920729"
"SAOUHSC_01130","3920730"
"SAOUHSC_01131","3920731"
"SAOUHSC_01133","3920732"
"SAOUHSC_01134","3920733"
"gene-SAOUHSC_T0006",NA
"SAOUHSC_01135","3920734"
"SAOUHSC_01136","3920735"
"SAOUHSC_01137","3920697"
"SAOUHSC_01138","3920698"
"SAOUHSC_01139","3920699"
"SAOUHSC_01140","3920700"
"SAOUHSC_01141","3920701"
"SAOUHSC_01142","3920702"
"SAOUHSC_01143","3920703"
"SAOUHSC_01144","3920704"
"SAOUHSC_01145","3920705"
"SAOUHSC_01146","3920706"
"SAOUHSC_01147","3920707"
"SAOUHSC_01148","3920708"
"SAOUHSC_01149","3920709"
"SAOUHSC_01150","3920710"
"SAOUHSC_01152","3920711"
"SAOUHSC_01153","3920712"
"SAOUHSC_01154","3920713"
"SAOUHSC_01155","3920714"
"SAOUHSC_01156","3920715"
"SAOUHSC_01158","3920716"
"SAOUHSC_01159","3920911"
"SAOUHSC_01160","3920912"
"SAOUHSC_01161","3920913"
"SAOUHSC_01162","3920914"
"SAOUHSC_01163","3920915"
"SAOUHSC_01164","3920916"
"SAOUHSC_01165","3920917"
"SAOUHSC_01166","3920918"
"SAOUHSC_01168","3920919"
"SAOUHSC_01169","3920920"
"SAOUHSC_01170","3920921"
"SAOUHSC_01171","3920922"
"SAOUHSC_01172","3920923"
"SAOUHSC_01173","3920924"
"SAOUHSC_01174","3920925"
"SAOUHSC_01175","3920926"
"SAOUHSC_01176","3920927"
"SAOUHSC_01177","3920928"
"SAOUHSC_01178","3920929"
"SAOUHSC_01179","3919312"
"SAOUHSC_01180","3919313"
"SAOUHSC_01181","3919314"
"SAOUHSC_01182","3919315"
"SAOUHSC_01183","3919316"
"SAOUHSC_01184","3919317"
"SAOUHSC_01185","3919318"
"SAOUHSC_01186","3919319"
"SAOUHSC_01187","3919320"
"SAOUHSC_01188","3919321"
"SAOUHSC_01189","3919322"
"SAOUHSC_01190","3919323"
"SAOUHSC_01191","3919324"
"SAOUHSC_01192","3919325"
"SAOUHSC_01193","3919326"
"SAOUHSC_01194","3919327"
"SAOUHSC_01196","3919328"
"SAOUHSC_01197","3919329"
"SAOUHSC_01198","3919330"
"SAOUHSC_01199","3919331"
"SAOUHSC_01200","3919467"
"SAOUHSC_01201","3919468"
"SAOUHSC_01203","3919469"
"SAOUHSC_01204","3919470"
"SAOUHSC_01205","3919471"
"SAOUHSC_01206","3919472"
"SAOUHSC_01207","3919473"
"SAOUHSC_01208","3919474"
"SAOUHSC_01209","3919475"
"SAOUHSC_01210","3919476"
"SAOUHSC_01211","3919477"
"SAOUHSC_01212","3919478"
"SAOUHSC_01213","3919479"
"SAOUHSC_01214","3919480"
"SAOUHSC_01215","3919481"
"SAOUHSC_01216","3919482"
"SAOUHSC_01218","3919483"
"SAOUHSC_01219","3919484"
"SAOUHSC_01220","3919485"
"SAOUHSC_01221","3920249"
"SAOUHSC_01222","3920250"
"SAOUHSC_01223","3920251"
"SAOUHSC_01224","3920252"
"SAOUHSC_01225","3920253"
"SAOUHSC_01226","3920254"
"SAOUHSC_01228","3920255"
"SAOUHSC_01230","3920256"
"SAOUHSC_01232","3920257"
"SAOUHSC_01233","3920258"
"SAOUHSC_01234","3920259"
"SAOUHSC_01235","3920260"
"SAOUHSC_01236","3920261"
"SAOUHSC_01237","3920262"
"SAOUHSC_01238","3920263"
"SAOUHSC_01239","3920264"
"SAOUHSC_01240","3920265"
"SAOUHSC_01241","3920266"
"SAOUHSC_01242","3920267"
"SAOUHSC_01243","3920268"
"SAOUHSC_01244","3919975"
"SAOUHSC_01245","3919976"
"SAOUHSC_01246","3919977"
"SAOUHSC_01247","3919978"
"SAOUHSC_01248","3919979"
"SAOUHSC_01249","3919980"
"SAOUHSC_01250","3919981"
"SAOUHSC_01251","3919982"
"SAOUHSC_01252","3919983"
"SAOUHSC_01253","3919984"
"SAOUHSC_01254","3919985"
"SAOUHSC_01255","3919986"
"SAOUHSC_01256","3919987"
"SAOUHSC_01257","3919988"
"SAOUHSC_01258","3919989"
"SAOUHSC_01259","3919990"
"SAOUHSC_01260","3919991"
"SAOUHSC_01261","3919992"
"SAOUHSC_01262","3919993"
"SAOUHSC_01263","3919916"
"SAOUHSC_01264","3919917"
"SAOUHSC_01265","3919918"
"SAOUHSC_01266","3919919"
"SAOUHSC_01267","3919920"
"SAOUHSC_01268","3919921"
"SAOUHSC_01269","3919922"
"SAOUHSC_01270","3919923"
"SAOUHSC_01271","3919924"
"SAOUHSC_01272","3919925"
"SAOUHSC_01273","3919926"
"SAOUHSC_01274","3919927"
"SAOUHSC_01275","3919928"
"SAOUHSC_01276","3919929"
"SAOUHSC_01278","3919930"
"SAOUHSC_01279","3919931"
"SAOUHSC_01280","3919932"
"SAOUHSC_01281","3919933"
"SAOUHSC_01282","3919934"
"SAOUHSC_01283","3919935"
"SAOUHSC_01284","3920171"
"SAOUHSC_01285","3920172"
"SAOUHSC_01287","3920173"
"SAOUHSC_01288","3920174"
"SAOUHSC_01289","3920175"
"SAOUHSC_01290","3920176"
"SAOUHSC_01291","3920177"
"SAOUHSC_01292","3920178"
"SAOUHSC_01293","3920179"
"SAOUHSC_01294","3920180"
"SAOUHSC_01295","3920181"
"SAOUHSC_01296","3920182"
"SAOUHSC_01297","3920183"
"SAOUHSC_01298","3920184"
"SAOUHSC_01299","3920185"
"SAOUHSC_01300","3920186"
"SAOUHSC_01301","3920187"
"SAOUHSC_01302","3920188"
"SAOUHSC_01303","3920189"
"SAOUHSC_01304","3920131"
"SAOUHSC_01305","3920132"
"SAOUHSC_01306","3920133"
"SAOUHSC_01307","3920134"
"SAOUHSC_01309","3920135"
"SAOUHSC_01310","3920136"
"SAOUHSC_01311","3920137"
"SAOUHSC_01312","3920138"
"SAOUHSC_01313","3920139"
"SAOUHSC_01314","3920140"
"SAOUHSC_01315","3920141"
"SAOUHSC_01316","3920142"
"SAOUHSC_01317","3920143"
"SAOUHSC_01318","3920144"
"SAOUHSC_01319","3920145"
"SAOUHSC_01320","3920146"
"SAOUHSC_01321","3920147"
"SAOUHSC_01322","3920148"
"SAOUHSC_01323","3920149"
"SAOUHSC_01324","3920150"
"SAOUHSC_01325","3920190"
"SAOUHSC_01326","3920191"
"SAOUHSC_01327","3920192"
"SAOUHSC_01328","3920193"
"SAOUHSC_01329","3920194"
"SAOUHSC_01330","3920195"
"SAOUHSC_01331","3920196"
"SAOUHSC_01332","3920197"
"SAOUHSC_01333","3920198"
"SAOUHSC_01334","3920199"
"SAOUHSC_01336","3920200"
"SAOUHSC_01337","3920201"
"SAOUHSC_01338","3920202"
"SAOUHSC_01339","3920203"
"SAOUHSC_01340","3920204"
"SAOUHSC_01341","3920205"
"SAOUHSC_01342","3920206"
"SAOUHSC_01343","3920207"
"SAOUHSC_01344","3920208"
"SAOUHSC_01346","3920052"
"SAOUHSC_01347","3920053"
"SAOUHSC_01348","3920054"
"SAOUHSC_01349","3920055"
"SAOUHSC_01350","3920056"
"SAOUHSC_01351","3920057"
"SAOUHSC_01352","3920058"
"SAOUHSC_01353","3920059"
"SAOUHSC_01354","3920060"
"SAOUHSC_01356","3920061"
"SAOUHSC_01357","3920062"
"SAOUHSC_01358","3920063"
"SAOUHSC_01359","3920064"
"SAOUHSC_01360","3920065"
"SAOUHSC_01361","3920066"
"SAOUHSC_01362","3920067"
"SAOUHSC_01363","3920068"
"SAOUHSC_01364","3920069"
"SAOUHSC_01365","3920070"
"SAOUHSC_01366","3920071"
"SAOUHSC_01367","3920776"
"SAOUHSC_01368","3920777"
"SAOUHSC_01369","3920778"
"SAOUHSC_01370","3920779"
"SAOUHSC_01371","3920780"
"SAOUHSC_01372","3920781"
"SAOUHSC_01373","3920782"
"SAOUHSC_01374","3920783"
"SAOUHSC_01375","3920784"
"SAOUHSC_01376","3920785"
"SAOUHSC_01377","3920786"
"SAOUHSC_01378","3920787"
"SAOUHSC_01379","3920788"
"SAOUHSC_01380","3920789"
"SAOUHSC_01381","3920790"
"SAOUHSC_01382","3920791"
"SAOUHSC_01383","3920792"
"SAOUHSC_01384","3920793"
"SAOUHSC_01385","3920794"
"SAOUHSC_01386","3920677"
"SAOUHSC_01387","3920678"
"SAOUHSC_01388","3920679"
"SAOUHSC_01389","3920680"
"gene-SAOUHSC_A01332",NA
"SAOUHSC_01390","3920681"
"SAOUHSC_01391","3920682"
"SAOUHSC_01392","3920683"
"SAOUHSC_01394","3920684"
"SAOUHSC_01395","3920685"
"SAOUHSC_01396","3920686"
"SAOUHSC_01397","3920687"
"SAOUHSC_01398","3920688"
"SAOUHSC_01399","3920689"
"SAOUHSC_01400","3920690"
"SAOUHSC_01401","3920691"
"SAOUHSC_01402","3920692"
"SAOUHSC_01403","3920693"
"SAOUHSC_01404","3920694"
"SAOUHSC_01405","3920695"
"SAOUHSC_01406","3920696"
"SAOUHSC_01407","3920639"
"SAOUHSC_01408","3920640"
"SAOUHSC_01409","3920641"
"SAOUHSC_01410","3920642"
"SAOUHSC_01411","3920643"
"SAOUHSC_01412","3920644"
"SAOUHSC_01413","3920645"
"SAOUHSC_01414","3920646"
"SAOUHSC_01415","3920647"
"SAOUHSC_01416","3920648"
"SAOUHSC_01418","3920649"
"SAOUHSC_01419","3920650"
"SAOUHSC_01420","3920651"
"SAOUHSC_01421","3920652"
"SAOUHSC_01422","3920653"
"SAOUHSC_01423","3920654"
"SAOUHSC_01424","3920655"
"SAOUHSC_01425","3920656"
"SAOUHSC_01427","3920657"
"SAOUHSC_01428","3920209"
"SAOUHSC_01429","3920210"
"SAOUHSC_01430","3920211"
"SAOUHSC_01431","3920212"
"SAOUHSC_01432","3920213"
"SAOUHSC_01433","3920214"
"SAOUHSC_01434","3920215"
"SAOUHSC_01435","3920216"
"SAOUHSC_01436","3920217"
"SAOUHSC_01437","3920218"
"SAOUHSC_01438","3920219"
"SAOUHSC_01439","3920220"
"SAOUHSC_01440","3920221"
"SAOUHSC_01441","3920222"
"SAOUHSC_01442","3920223"
"SAOUHSC_01443","3920224"
"SAOUHSC_01447","3920225"
"SAOUHSC_01448","3920226"
"SAOUHSC_01450","3920227"
"SAOUHSC_01451","3920228"
"SAOUHSC_01452","3919897"
"SAOUHSC_01454","3919898"
"SAOUHSC_01455","3919899"
"SAOUHSC_01456","3919900"
"SAOUHSC_01458","3919901"
"SAOUHSC_01459","3919902"
"SAOUHSC_01460","3919903"
"SAOUHSC_01462","3919904"
"SAOUHSC_01463","3919905"
"SAOUHSC_01464","3919906"
"SAOUHSC_01465","3919907"
"SAOUHSC_01466","3919908"
"SAOUHSC_01467","3919909"
"SAOUHSC_01468","3919910"
"SAOUHSC_01469","3919911"
"SAOUHSC_01470","3919912"
"SAOUHSC_01471","3919913"
"SAOUHSC_01472","3919914"
"SAOUHSC_01473","3919915"
"SAOUHSC_01474","3920229"
"SAOUHSC_01475","3920230"
"SAOUHSC_01476","3920231"
"SAOUHSC_01477","3920232"
"SAOUHSC_01478","3920233"
"SAOUHSC_01479","3920234"
"SAOUHSC_01480","3920235"
"SAOUHSC_01481","3920236"
"SAOUHSC_01482","3920237"
"SAOUHSC_01483","3920238"
"SAOUHSC_01484","3920239"
"SAOUHSC_01485","3920240"
"SAOUHSC_01486","3920241"
"SAOUHSC_01487","3920242"
"SAOUHSC_01488","3920243"
"SAOUHSC_01489","3920244"
"SAOUHSC_01490","3920245"
"SAOUHSC_01491","3920246"
"SAOUHSC_01492","3920247"
"SAOUHSC_01493","3920248"
"gene-SAOUHSC_A01436",NA
"SAOUHSC_01494","3919038"
"SAOUHSC_01495","3919039"
"SAOUHSC_01496","3919040"
"SAOUHSC_01497","3919041"
"SAOUHSC_01499","3919042"
"SAOUHSC_01500","3919043"
"SAOUHSC_01501","3919044"
"SAOUHSC_01502","3919045"
"SAOUHSC_01503","3919046"
"SAOUHSC_01504","3919047"
"SAOUHSC_01505","3919048"
"SAOUHSC_01507","3919049"
"SAOUHSC_01508","3919050"
"SAOUHSC_01510","3919051"
"SAOUHSC_01511","3919052"
"SAOUHSC_01512","3919053"
"SAOUHSC_01513","3919054"
"SAOUHSC_01514","3919055"
"gene-SAOUHSC_A01455",NA
"SAOUHSC_01515","3919056"
"SAOUHSC_01516","3920619"
"SAOUHSC_01517","3920620"
"SAOUHSC_01518","3920621"
"SAOUHSC_01519","3920622"
"SAOUHSC_01520","3920623"
"SAOUHSC_01521","3920624"
"SAOUHSC_01522","3920625"
"SAOUHSC_01523","3920626"
"SAOUHSC_01524","3920627"
"SAOUHSC_01525","3920628"
"SAOUHSC_01526","3920629"
"SAOUHSC_01527","3920630"
"SAOUHSC_01528","3920631"
"SAOUHSC_01529","3920632"
"SAOUHSC_01530","3920633"
"SAOUHSC_01531","3920634"
"SAOUHSC_01532","3920635"
"SAOUHSC_01533","3920636"
"SAOUHSC_01535","3920637"
"SAOUHSC_01536","3920638"
"SAOUHSC_01537","3920580"
"SAOUHSC_01538","3920581"
"SAOUHSC_01539","3920582"
"SAOUHSC_01540","3920583"
"SAOUHSC_01541","3920584"
"SAOUHSC_01542","3920585"
"SAOUHSC_01543","3920586"
"SAOUHSC_01544","3920587"
"SAOUHSC_01545","3920588"
"SAOUHSC_01546","3920589"
"SAOUHSC_01547","3920590"
"SAOUHSC_01548","3920591"
"SAOUHSC_01549","3920592"
"SAOUHSC_01550","3920593"
"SAOUHSC_01551","3920594"
"SAOUHSC_01552","3920595"
"SAOUHSC_01553","3920596"
"SAOUHSC_01554","3920597"
"SAOUHSC_01555","3920598"
"SAOUHSC_01556","3920151"
"SAOUHSC_01557","3920152"
"SAOUHSC_01558","3920153"
"SAOUHSC_01559","3920154"
"SAOUHSC_01560","3920155"
"SAOUHSC_01561","3920156"
"SAOUHSC_01562","3920157"
"SAOUHSC_01563","3920158"
"SAOUHSC_01565","3920159"
"SAOUHSC_01566","3920160"
"SAOUHSC_01567","3920161"
"SAOUHSC_01568","3920162"
"SAOUHSC_01569","3920163"
"SAOUHSC_01570","3920164"
"SAOUHSC_01571","3920165"
"SAOUHSC_01572","3920166"
"SAOUHSC_01573","3920167"
"SAOUHSC_01574","3920168"
"gene-SAOUHSC_A01514",NA
"SAOUHSC_01575","3920169"
"SAOUHSC_01576","3920170"
"SAOUHSC_01577","3919994"
"SAOUHSC_01578","3919995"
"SAOUHSC_01579","3919996"
"SAOUHSC_01580","3919997"
"SAOUHSC_01582","3919998"
"SAOUHSC_01583","3919999"
"SAOUHSC_01584","3920000"
"SAOUHSC_01585","3920001"
"SAOUHSC_01586","3920002"
"SAOUHSC_01587","3920003"
"SAOUHSC_01588","3920004"
"SAOUHSC_01589","3920005"
"SAOUHSC_01590","3920006"
"SAOUHSC_01591","3920007"
"SAOUHSC_01592","3920008"
"SAOUHSC_01593","3920009"
"SAOUHSC_01594","3920010"
"SAOUHSC_01595","3920011"
"SAOUHSC_01596","3920012"
"SAOUHSC_01597","3920013"
"SAOUHSC_01598","3920014"
"SAOUHSC_01599","3920015"
"SAOUHSC_01600","3920016"
"SAOUHSC_01601","3920017"
"SAOUHSC_01602","3920018"
"SAOUHSC_01603","3920019"
"SAOUHSC_01604","3920020"
"SAOUHSC_01605","3920021"
"SAOUHSC_01606","3920022"
"SAOUHSC_01607","3920023"
"SAOUHSC_01608","3920024"
"SAOUHSC_01609","3920025"
"SAOUHSC_01610","3920026"
"SAOUHSC_01611","3920027"
"SAOUHSC_01612","3920028"
"SAOUHSC_01613","3920029"
"SAOUHSC_01614","3920030"
"SAOUHSC_01615","3920031"
"SAOUHSC_01617","3920032"
"SAOUHSC_01618","3919956"
"SAOUHSC_01619","3919957"
"SAOUHSC_01620","3919958"
"SAOUHSC_01621","3919959"
"SAOUHSC_01622","3919960"
"SAOUHSC_01623","3919961"
"SAOUHSC_01624","3919962"
"SAOUHSC_01625","3919963"
"SAOUHSC_01626","3919964"
"SAOUHSC_01627","3919965"
"SAOUHSC_01628","3919966"
"SAOUHSC_01629","3919967"
"SAOUHSC_01630","3919968"
"SAOUHSC_01632","3919969"
"SAOUHSC_01633","3919970"
"SAOUHSC_01634","3919971"
"SAOUHSC_01635","3919972"
"SAOUHSC_01636","3919973"
"SAOUHSC_01637","3919974"
"SAOUHSC_01638","3920091"
"SAOUHSC_01639","3920092"
"SAOUHSC_01640","3920093"
"SAOUHSC_01641","3920094"
"SAOUHSC_01643","3920095"
"SAOUHSC_01644","3920096"
"SAOUHSC_01645","3920097"
"SAOUHSC_01646","3920098"
"SAOUHSC_01647","3920099"
"SAOUHSC_01648","3920100"
"SAOUHSC_01649","3920101"
"SAOUHSC_01650","3920102"
"SAOUHSC_01651","3920103"
"SAOUHSC_01652","3920104"
"SAOUHSC_01653","3920105"
"SAOUHSC_01655","3920106"
"SAOUHSC_01656","3920107"
"SAOUHSC_01657","3920108"
"SAOUHSC_01658","3920109"
"SAOUHSC_01659","3920110"
"SAOUHSC_01660","3920072"
"SAOUHSC_01661","3920073"
"SAOUHSC_01662","3920074"
"SAOUHSC_01663","3920075"
"SAOUHSC_01664","3920076"
"SAOUHSC_01665","3920077"
"SAOUHSC_01666","3920078"
"SAOUHSC_01667","3920079"
"SAOUHSC_01668","3920080"
"SAOUHSC_01669","3920081"
"SAOUHSC_01670","3920082"
"SAOUHSC_01671","3920083"
"SAOUHSC_01672","3920084"
"SAOUHSC_01673","3920085"
"SAOUHSC_01675","3920086"
"SAOUHSC_01676","3920087"
"SAOUHSC_01677","3920088"
"SAOUHSC_01678","3920089"
"SAOUHSC_01679","3920090"
"SAOUHSC_01680","3921792"
"SAOUHSC_01681","3921793"
"SAOUHSC_01682","3921794"
"SAOUHSC_01683","3921795"
"SAOUHSC_01684","3921796"
"SAOUHSC_01685","3921797"
"SAOUHSC_01686","3921798"
"SAOUHSC_01687","3921799"
"SAOUHSC_01688","3921800"
"SAOUHSC_01689","3921801"
"SAOUHSC_01690","3921802"
"SAOUHSC_01691","3921803"
"SAOUHSC_01692","3921804"
"SAOUHSC_01693","3921805"
"SAOUHSC_01694","3921806"
"SAOUHSC_01695","3921807"
"SAOUHSC_01696","3921808"
"SAOUHSC_01697","3921809"
"SAOUHSC_01698","3921810"
"SAOUHSC_01699","3921811"
"SAOUHSC_01700","3921090"
"SAOUHSC_01701","3921091"
"SAOUHSC_01702","3921092"
"SAOUHSC_01703","3921093"
"SAOUHSC_01704","3921094"
"SAOUHSC_01705","3921095"
"SAOUHSC_01706","3921096"
"SAOUHSC_01707","3921097"
"SAOUHSC_01708","3921098"
"SAOUHSC_01709","3921099"
"SAOUHSC_01710","3921100"
"SAOUHSC_01711","3921101"
"SAOUHSC_01712","3921102"
"SAOUHSC_01714","3921103"
"SAOUHSC_01715","3921104"
"SAOUHSC_01716","3921105"
"SAOUHSC_01717","3921106"
"SAOUHSC_01718","3921107"
"SAOUHSC_01719","3921108"
"SAOUHSC_01720","3921070"
"SAOUHSC_01721","3921071"
"SAOUHSC_01722","3921072"
"SAOUHSC_01723","3921073"
"SAOUHSC_01724","3921074"
"SAOUHSC_01725","3921075"
"SAOUHSC_01726","3921076"
"SAOUHSC_01727","3921077"
"SAOUHSC_01728","3921078"
"SAOUHSC_01729","3921079"
"SAOUHSC_01730","3921080"
"SAOUHSC_01732","3921081"
"SAOUHSC_01733","3921082"
"SAOUHSC_01734","3921083"
"SAOUHSC_01735","3921084"
"SAOUHSC_01736","3921085"
"SAOUHSC_01737","3921086"
"SAOUHSC_01738","3921087"
"SAOUHSC_01739","3921088"
"SAOUHSC_01741","3921089"
"SAOUHSC_01742","3920542"
"SAOUHSC_01743","3920543"
"SAOUHSC_01744","3920544"
"SAOUHSC_01746","3920545"
"SAOUHSC_01747","3920546"
"SAOUHSC_01748","3920547"
"SAOUHSC_01749","3920548"
"SAOUHSC_01750","3920549"
"SAOUHSC_01751","3920550"
"SAOUHSC_01752","3920551"
"SAOUHSC_01753","3920552"
"SAOUHSC_01755","3920553"
"SAOUHSC_01756","3920554"
"SAOUHSC_01757","3920555"
"SAOUHSC_01758","3920556"
"SAOUHSC_01759","3920557"
"SAOUHSC_01760","3920558"
"SAOUHSC_01761","3920559"
"SAOUHSC_01762","3920560"
"SAOUHSC_01763","3919681"
"SAOUHSC_01764","3919682"
"SAOUHSC_01765","3919683"
"SAOUHSC_01766","3919684"
"SAOUHSC_01767","3919685"
"SAOUHSC_01768","3919686"
"SAOUHSC_01769","3919687"
"SAOUHSC_01770","3919688"
"SAOUHSC_01771","3919689"
"SAOUHSC_01772","3919690"
"SAOUHSC_01773","3919691"
"SAOUHSC_01774","3919692"
"SAOUHSC_01775","3919693"
"SAOUHSC_01776","3919694"
"SAOUHSC_01777","3919695"
"SAOUHSC_01778","3919696"
"SAOUHSC_01779","3919697"
"SAOUHSC_01780","3919698"
"SAOUHSC_01781","3919699"
"SAOUHSC_01782","3919700"
"SAOUHSC_01783","3920425"
"SAOUHSC_01784","3920426"
"SAOUHSC_01785","3920427"
"SAOUHSC_01786","3920428"
"SAOUHSC_01787","3920429"
"SAOUHSC_01788","3920430"
"SAOUHSC_01789","3920431"
"SAOUHSC_01791","3920432"
"SAOUHSC_01792","3920433"
"SAOUHSC_01793","3920434"
"SAOUHSC_01794","3920435"
"SAOUHSC_01795","3920436"
"SAOUHSC_01796","3920437"
"SAOUHSC_01797","3920438"
"SAOUHSC_01798","3920439"
"SAOUHSC_01799","3920440"
"SAOUHSC_01800","3920441"
"gene-SAOUHSC_A01723",NA
"SAOUHSC_01801","3920442"
"SAOUHSC_01802","3920443"
"SAOUHSC_01803","3919273"
"SAOUHSC_01804","3919274"
"SAOUHSC_01805","3919275"
"SAOUHSC_01806","3919276"
"SAOUHSC_01807","3919277"
"SAOUHSC_01808","3919278"
"SAOUHSC_01809","3919279"
"SAOUHSC_01810","3919280"
"SAOUHSC_01811","3919281"
"SAOUHSC_01812","3919282"
"SAOUHSC_01813","3919283"
"SAOUHSC_01814","3919284"
"SAOUHSC_01815","3919285"
"SAOUHSC_01816","3919286"
"SAOUHSC_01817","3919287"
"SAOUHSC_01818","3919288"
"SAOUHSC_01819","3919289"
"SAOUHSC_01820","3919290"
"SAOUHSC_01821","3919291"
"SAOUHSC_01822","3919292"
"SAOUHSC_01823","3921773"
"SAOUHSC_01824","3921774"
"SAOUHSC_01825","3921775"
"SAOUHSC_01826","3921776"
"SAOUHSC_01827","3921777"
"SAOUHSC_01828","3921778"
"SAOUHSC_01829","3921779"
"gene-SAOUHSC_A01754",NA
"SAOUHSC_01830","3921780"
"SAOUHSC_01831","3921781"
"SAOUHSC_01832","3921782"
"SAOUHSC_01833","3921783"
"SAOUHSC_01834","3921784"
"SAOUHSC_01835","3921785"
"SAOUHSC_01836","3921786"
"SAOUHSC_01837","3921787"
"SAOUHSC_01838","3921788"
"SAOUHSC_01839","3921789"
"SAOUHSC_01840","3921790"
"SAOUHSC_01841","3921791"
"SAOUHSC_01843","3920522"
"SAOUHSC_01844","3920523"
"SAOUHSC_01845","3920524"
"SAOUHSC_01846","3920525"
"SAOUHSC_01847","3920526"
"SAOUHSC_01849","3920527"
"SAOUHSC_01850","3920528"
"SAOUHSC_01851","3920529"
"SAOUHSC_01852","3920530"
"SAOUHSC_01853","3920531"
"SAOUHSC_01854","3920532"
"SAOUHSC_01855","3920533"
"SAOUHSC_01856","3920534"
"SAOUHSC_01857","3920535"
"SAOUHSC_01858","3920536"
"SAOUHSC_01859","3920537"
"SAOUHSC_01860","3920538"
"SAOUHSC_01861","3920539"
"SAOUHSC_01863","3920540"
"SAOUHSC_01864","3920541"
"SAOUHSC_01865","3921754"
"SAOUHSC_01866","3921755"
"SAOUHSC_01867","3921756"
"SAOUHSC_01868","3921757"
"SAOUHSC_01869","3921758"
"SAOUHSC_01870","3921759"
"SAOUHSC_01871","3921760"
"SAOUHSC_01872","3921761"
"SAOUHSC_01873","3921762"
"SAOUHSC_01874","3921763"
"SAOUHSC_01875","3921764"
"SAOUHSC_01876","3921765"
"SAOUHSC_01877","3921766"
"SAOUHSC_01878","3921767"
"SAOUHSC_01879","3921768"
"SAOUHSC_01880","3921769"
"SAOUHSC_01881","3921770"
"SAOUHSC_01882","3921771"
"SAOUHSC_01883","3921772"
"SAOUHSC_01884","3920833"
"SAOUHSC_01886","3920834"
"SAOUHSC_01887","3920835"
"SAOUHSC_01888","3920836"
"SAOUHSC_01889","3920837"
"SAOUHSC_01890","3920838"
"SAOUHSC_01891","3920839"
"SAOUHSC_01893","3920840"
"SAOUHSC_01894","3920841"
"SAOUHSC_01895","3920842"
"SAOUHSC_01896","3920843"
"SAOUHSC_01897","3920844"
"SAOUHSC_01898","3920845"
"SAOUHSC_01899","3920846"
"SAOUHSC_01900","3920847"
"SAOUHSC_01901","3920848"
"SAOUHSC_01902","3920849"
"SAOUHSC_01903","3920850"
"SAOUHSC_01904","3920851"
"SAOUHSC_01905","3920852"
"SAOUHSC_01906","3921048"
"SAOUHSC_01907","3921049"
"SAOUHSC_01908","3921050"
"SAOUHSC_01909","3921051"
"SAOUHSC_01910","3921052"
"SAOUHSC_01911","3921053"
"SAOUHSC_01912","3921054"
"SAOUHSC_01913","3921055"
"SAOUHSC_01914","3921056"
"SAOUHSC_01915","3921057"
"SAOUHSC_01916","3921058"
"SAOUHSC_01917","3921059"
"SAOUHSC_01918","3921060"
"SAOUHSC_01919","3921061"
"SAOUHSC_01920","3921062"
"SAOUHSC_01921","3921063"
"SAOUHSC_01922","3921064"
"SAOUHSC_01923","3921065"
"SAOUHSC_01924","3921066"
"SAOUHSC_01925","3921009"
"SAOUHSC_01926","3921010"
"SAOUHSC_01927","3921011"
"SAOUHSC_01928","3921012"
"SAOUHSC_01929","3921013"
"SAOUHSC_01930","3921014"
"SAOUHSC_01931","3921015"
"SAOUHSC_01932","3921016"
"SAOUHSC_01933","3921017"
"SAOUHSC_01934","3921018"
"SAOUHSC_01935","3921019"
"SAOUHSC_01936","3921020"
"SAOUHSC_01937","3921021"
"SAOUHSC_01938","3921022"
"SAOUHSC_01939","3921023"
"SAOUHSC_01941","3921024"
"SAOUHSC_01942","3921025"
"SAOUHSC_01943","3921026"
"SAOUHSC_01944","3921027"
"SAOUHSC_01945","3921028"
"SAOUHSC_01947","3920892"
"SAOUHSC_01948","3920893"
"SAOUHSC_01949","3920894"
"SAOUHSC_01950","3920895"
"SAOUHSC_01951","3920896"
"SAOUHSC_01952","3920897"
"SAOUHSC_01953","3920898"
"SAOUHSC_01954","3920899"
"SAOUHSC_01955","3920900"
"SAOUHSC_01956","3920901"
"SAOUHSC_01957","3920902"
"gene-SAOUHSC_T00050",NA
"gene-SAOUHSC_T00019",NA
"gene-SAOUHSC_T0009",NA
"gene-SAOUHSC_T00022",NA
"gene-SAOUHSC_T00026",NA
"gene-SAOUHSC_T00042",NA
"gene-SAOUHSC_T00012",NA
"gene-SAOUHSC_T00038",NA
"SAOUHSC_01958","3920903"
"SAOUHSC_01959","3920904"
"SAOUHSC_01960","3920905"
"SAOUHSC_01961","3920906"
"SAOUHSC_01962","3920907"
"SAOUHSC_01963","3920908"
"SAOUHSC_01964","3920909"
"SAOUHSC_01966","3920910"
"SAOUHSC_01967","3920444"
"SAOUHSC_01968","3920445"
"SAOUHSC_01969","3920446"
"SAOUHSC_01971","3920447"
"SAOUHSC_01972","3920448"
"SAOUHSC_01973","3920449"
"SAOUHSC_01974","3920450"
"SAOUHSC_01975","3920451"
"SAOUHSC_01976","3920452"
"SAOUHSC_01977","3920453"
"SAOUHSC_01978","3920454"
"SAOUHSC_01979","3920455"
"SAOUHSC_01980","3920456"
"SAOUHSC_01981","3920457"
"SAOUHSC_01982","3920458"
"SAOUHSC_01983","3920459"
"SAOUHSC_01984","3920460"
"SAOUHSC_01985","3920461"
"SAOUHSC_01986","3920462"
"SAOUHSC_01987","3920463"
"SAOUHSC_01988","3921871"
"SAOUHSC_01989","3921872"
"SAOUHSC_01990","3921873"
"SAOUHSC_01991","3921874"
"SAOUHSC_01992","3921875"
"SAOUHSC_01993","3921876"
"gene-SAOUHSC_T00031",NA
"gene-SAOUHSC_T00023",NA
"gene-SAOUHSC_T00015",NA
"gene-SAOUHSC_T00016",NA
"gene-SAOUHSC_T00027",NA
"gene-SAOUHSC_T00056",NA
"gene-SAOUHSC_T00057",NA
"gene-SAOUHSC_T00054",NA
"gene-SAOUHSC_T00043",NA
"gene-SAOUHSC_A01909",NA
"gene-SAOUHSC_T00013",NA
"gene-SAOUHSC_T00039",NA
"gene-SAOUHSC_T00051",NA
"gene-SAOUHSC_A01910",NA
"gene-SAOUHSC_T00014",NA
"gene-SAOUHSC_T00052",NA
"gene-SAOUHSC_T00040",NA
"gene-SAOUHSC_T00041",NA
"gene-SAOUHSC_T0002",NA
"gene-SAOUHSC_T00045",NA
"gene-SAOUHSC_T0007",NA
"gene-SAOUHSC_T00032",NA
"gene-SAOUHSC_T00024",NA
"gene-SAOUHSC_T00033",NA
"gene-SAOUHSC_T00036",NA
"gene-SAOUHSC_T00055",NA
"gene-SAOUHSC_T00060",NA
"gene-SAOUHSC_R00013",NA
"gene-SAOUHSC_R0008",NA
"gene-SAOUHSC_T0003",NA
"gene-SAOUHSC_A01912",NA
"gene-SAOUHSC_T00028",NA
"gene-SAOUHSC_R0003",NA
"SAOUHSC_01997","3921877"
"SAOUHSC_01998","3921878"
"SAOUHSC_01999","3921879"
"SAOUHSC_02000","3921880"
"SAOUHSC_02001","3921881"
"SAOUHSC_02002","3921882"
"SAOUHSC_02003","3921883"
"SAOUHSC_02004","3921884"
"SAOUHSC_02005","3921885"
"SAOUHSC_02006","3921886"
"SAOUHSC_02007","3921887"
"SAOUHSC_02008","3921888"
"SAOUHSC_02009","3921889"
"SAOUHSC_02010","3920464"
"SAOUHSC_02011","3920465"
"SAOUHSC_02012","3920466"
"SAOUHSC_02013","3920467"
"SAOUHSC_02014","3920468"
"SAOUHSC_02015","3920469"
"SAOUHSC_02016","3920470"
"SAOUHSC_02017","3920471"
"SAOUHSC_02018","3920472"
"SAOUHSC_02019","3920473"
"SAOUHSC_02020","3920474"
"SAOUHSC_02021","3920475"
"SAOUHSC_02022","3920476"
"SAOUHSC_02023","3920477"
"SAOUHSC_02025","3920478"
"SAOUHSC_02026","3920479"
"SAOUHSC_02027","3920480"
"SAOUHSC_02028","3920481"
"SAOUHSC_02029","3920482"
"SAOUHSC_02030","3920483"
"SAOUHSC_02031","3920484"
"SAOUHSC_02033","3920485"
"SAOUHSC_02034","3920486"
"SAOUHSC_02035","3920487"
"SAOUHSC_02036","3920488"
"SAOUHSC_02037","3920489"
"SAOUHSC_02038","3920490"
"SAOUHSC_02040","3920491"
"SAOUHSC_02041","3920492"
"SAOUHSC_02042","3920493"
"SAOUHSC_02043","3920494"
"SAOUHSC_02044","3920495"
"SAOUHSC_02046","3920496"
"SAOUHSC_02047","3920497"
"SAOUHSC_02048","3920498"
"SAOUHSC_02049","3920499"
"SAOUHSC_02050","3920500"
"SAOUHSC_02051","3920501"
"SAOUHSC_02052","3920502"
"SAOUHSC_02053","3919740"
"SAOUHSC_02054","3919741"
"SAOUHSC_02055","3919742"
"SAOUHSC_02056","3919743"
"SAOUHSC_02057","3919744"
"SAOUHSC_02058","3919745"
"SAOUHSC_02059","3919746"
"SAOUHSC_02060","3919747"
"SAOUHSC_02061","3919748"
"SAOUHSC_02062","3919749"
"SAOUHSC_02063","3919750"
"SAOUHSC_02064","3919751"
"SAOUHSC_02065","3919752"
"SAOUHSC_02066","3919753"
"SAOUHSC_02067","3919754"
"SAOUHSC_02068","3919755"
"SAOUHSC_02069","3919756"
"SAOUHSC_02070","3919757"
"SAOUHSC_02071","3919758"
"SAOUHSC_02072","3919759"
"SAOUHSC_02073","3919760"
"SAOUHSC_02074","3919761"
"SAOUHSC_02075","3919762"
"SAOUHSC_02076","3919763"
"SAOUHSC_02077","3919764"
"SAOUHSC_02078","3919765"
"SAOUHSC_02079","3919766"
"SAOUHSC_02080","3919767"
"SAOUHSC_02081","3919768"
"SAOUHSC_02083","3919769"
"SAOUHSC_02084","3919770"
"SAOUHSC_02085","3919771"
"SAOUHSC_02086","3919772"
"SAOUHSC_02087","3919773"
"SAOUHSC_02088","3919774"
"SAOUHSC_02089","3919775"
"SAOUHSC_02090","3919776"
"SAOUHSC_02091","3919777"
"SAOUHSC_02092","3919778"
"SAOUHSC_02093","3921166"
"SAOUHSC_02095","3921167"
"SAOUHSC_02096","3921168"
"SAOUHSC_02097","3921169"
"SAOUHSC_02098","3921170"
"SAOUHSC_02099","3921171"
"SAOUHSC_02100","3921172"
"SAOUHSC_02101","3921173"
"SAOUHSC_02102","3921174"
"gene-SAOUHSC_A02013",NA
"SAOUHSC_02103","3921175"
"SAOUHSC_02104","3921176"
"SAOUHSC_02105","3921177"
"SAOUHSC_02106","3921178"
"SAOUHSC_02107","3921179"
"SAOUHSC_02108","3921180"
"SAOUHSC_02109","3921181"
"SAOUHSC_02110","3921182"
"SAOUHSC_02111","3921183"
"SAOUHSC_02112","3921184"
"SAOUHSC_02113","3921185"
"SAOUHSC_02114","3921186"
"SAOUHSC_02115","3921187"
"SAOUHSC_02116","3921188"
"SAOUHSC_02117","3921189"
"SAOUHSC_02118","3921190"
"SAOUHSC_02119","3921191"
"SAOUHSC_02121","3921192"
"SAOUHSC_02122","3921193"
"SAOUHSC_02123","3921194"
"SAOUHSC_02124","3921195"
"SAOUHSC_02125","3921196"
"SAOUHSC_02126","3921197"
"SAOUHSC_02127","3921198"
"SAOUHSC_02129","3921199"
"SAOUHSC_02130","3921200"
"SAOUHSC_02131","3921201"
"SAOUHSC_02132","3921202"
"SAOUHSC_02133","3921203"
"SAOUHSC_02134","3921204"
"SAOUHSC_02135","3921832"
"SAOUHSC_02136","3921833"
"SAOUHSC_02137","3921834"
"SAOUHSC_02138","3921835"
"SAOUHSC_02139","3921836"
"SAOUHSC_02140","3921837"
"SAOUHSC_02141","3921838"
"SAOUHSC_02142","3921839"
"SAOUHSC_02143","3921840"
"SAOUHSC_02144","3921841"
"SAOUHSC_02145","3921842"
"SAOUHSC_02146","3921843"
"SAOUHSC_02147","3921844"
"SAOUHSC_02148","3921845"
"SAOUHSC_02149","3921846"
"SAOUHSC_02150","3921847"
"SAOUHSC_02151","3921848"
"SAOUHSC_02152","3921849"
"SAOUHSC_02153","3921850"
"SAOUHSC_02154","3921851"
"SAOUHSC_02155","3921852"
"SAOUHSC_02156","3921853"
"SAOUHSC_02157","3921854"
"SAOUHSC_02158","3921855"
"SAOUHSC_02160","3921856"
"SAOUHSC_02161","3921857"
"SAOUHSC_02163","3921858"
"SAOUHSC_02164","3921859"
"SAOUHSC_02165","3921860"
"SAOUHSC_02166","3921861"
"SAOUHSC_02167","3921862"
"SAOUHSC_02169","3921863"
"SAOUHSC_02170","3921864"
"SAOUHSC_02171","3921865"
"SAOUHSC_02173","3921866"
"SAOUHSC_02174","3921867"
"SAOUHSC_02175","3921868"
"SAOUHSC_02176","3921869"
"SAOUHSC_02177","3921870"
"SAOUHSC_02178","3919545"
"SAOUHSC_02179","3919546"
"SAOUHSC_02180","3919547"
"SAOUHSC_02181","3919548"
"SAOUHSC_02182","3919549"
"SAOUHSC_02183","3919550"
"SAOUHSC_02184","3919551"
"SAOUHSC_02185","3919552"
"SAOUHSC_02186","3919553"
"SAOUHSC_02187","3919554"
"SAOUHSC_02188","3919555"
"SAOUHSC_02189","3919556"
"SAOUHSC_02190","3919557"
"SAOUHSC_02191","3919558"
"SAOUHSC_02193","3919559"
"SAOUHSC_02194","3919560"
"SAOUHSC_02195","3919561"
"SAOUHSC_02196","3919562"
"SAOUHSC_02197","3919563"
"SAOUHSC_02198","3919564"
"SAOUHSC_02199","3919565"
"SAOUHSC_02200","3919566"
"gene-SAOUHSC_A02094",NA
"SAOUHSC_02202","3919567"
"SAOUHSC_02203","3919568"
"SAOUHSC_02204","3919569"
"SAOUHSC_02205","3919570"
"SAOUHSC_02206","3919571"
"SAOUHSC_02207","3919572"
"SAOUHSC_02208","3919573"
"SAOUHSC_02209","3919574"
"SAOUHSC_02210","3919575"
"SAOUHSC_02211","3919576"
"SAOUHSC_02212","3919577"
"SAOUHSC_02213","3919578"
"SAOUHSC_02214","3919579"
"SAOUHSC_02215","3919580"
"SAOUHSC_02216","3919581"
"SAOUHSC_02217","3919582"
"SAOUHSC_02218","3919583"
"SAOUHSC_02219","3919642"
"SAOUHSC_02220","3919643"
"SAOUHSC_02221","3919644"
"SAOUHSC_02222","3919645"
"SAOUHSC_02223","3919646"
"SAOUHSC_02224","3919647"
"SAOUHSC_02225","3919648"
"SAOUHSC_02226","3919649"
"SAOUHSC_02227","3919650"
"SAOUHSC_02228","3919651"
"SAOUHSC_02229","3919652"
"SAOUHSC_02231","3919653"
"SAOUHSC_02232","3919654"
"SAOUHSC_02233","3919655"
"SAOUHSC_02234","3919656"
"SAOUHSC_02235","3919657"
"SAOUHSC_02236","3919658"
"SAOUHSC_02237","3919659"
"SAOUHSC_02238","3919660"
"SAOUHSC_02239","3919661"
"SAOUHSC_02240","3919662"
"SAOUHSC_02241","3919663"
"SAOUHSC_02243","3919664"
"SAOUHSC_02244","3919665"
"SAOUHSC_02245","3919666"
"SAOUHSC_02246","3919667"
"SAOUHSC_02247","3919668"
"SAOUHSC_02248","3919669"
"SAOUHSC_02249","3919670"
"SAOUHSC_02250","3919671"
"SAOUHSC_02251","3919672"
"SAOUHSC_02252","3919673"
"SAOUHSC_02254","3919674"
"SAOUHSC_02255","3919675"
"SAOUHSC_02256","3919676"
"SAOUHSC_02257","3919677"
"SAOUHSC_02258","3919678"
"SAOUHSC_02259","3919679"
"SAOUHSC_02260","3919680"
"SAOUHSC_02261","3919137"
"SAOUHSC_02262","3919138"
"SAOUHSC_02264","3919139"
"SAOUHSC_02265","3919140"
"SAOUHSC_02266","3919141"
"SAOUHSC_02267","3919142"
"SAOUHSC_02268","3919143"
"SAOUHSC_02269","3919144"
"SAOUHSC_02270","3919145"
"SAOUHSC_02271","3919146"
"SAOUHSC_02272","3919147"
"SAOUHSC_02273","3919148"
"SAOUHSC_02274","3919149"
"SAOUHSC_02275","3919150"
"SAOUHSC_02276","3919151"
"SAOUHSC_02277","3919152"
"SAOUHSC_02278","3919153"
"SAOUHSC_02279","3919154"
"SAOUHSC_02280","3919155"
"gene-SAOUHSC_A02169",NA
"SAOUHSC_02281","3919156"
"SAOUHSC_02282","3919157"
"SAOUHSC_02283","3919158"
"SAOUHSC_02284","3919159"
"SAOUHSC_02285","3919160"
"SAOUHSC_02286","3919161"
"SAOUHSC_02287","3919162"
"SAOUHSC_02288","3919163"
"SAOUHSC_02289","3919164"
"SAOUHSC_02290","3919165"
"gene-SAOUHSC_R00014",NA
"gene-SAOUHSC_R0009",NA
"gene-SAOUHSC_R0004",NA
"gene-SAOUHSC_T00025",NA
"gene-SAOUHSC_T00034",NA
"SAOUHSC_02294","3919166"
"SAOUHSC_02296","3919167"
"SAOUHSC_02297","3919168"
"SAOUHSC_02298","3919169"
"SAOUHSC_02299","3919170"
"SAOUHSC_02300","3919171"
"SAOUHSC_02301","3919172"
"SAOUHSC_02302","3919173"
"gene-SAOUHSC_A02189",NA
"SAOUHSC_02303","3919174"
"SAOUHSC_02304","3919175"
"SAOUHSC_02305","3920930"
"SAOUHSC_02306","3920931"
"SAOUHSC_02307","3920932"
"SAOUHSC_02308","3920933"
"SAOUHSC_02309","3920934"
"SAOUHSC_02310","3920935"
"SAOUHSC_02311","3920936"
"SAOUHSC_02312","3920937"
"SAOUHSC_02313","3920938"
"SAOUHSC_02314","3920939"
"SAOUHSC_02315","3920940"
"SAOUHSC_02316","3920941"
"SAOUHSC_02317","3920942"
"SAOUHSC_02318","3920943"
"SAOUHSC_02319","3920944"
"SAOUHSC_02320","3920945"
"SAOUHSC_02321","3920946"
"SAOUHSC_02322","3920947"
"SAOUHSC_02323","3920948"
"SAOUHSC_02324","3920949"
"SAOUHSC_02325","3920950"
"SAOUHSC_02326","3920951"
"SAOUHSC_02327","3920952"
"SAOUHSC_02328","3920953"
"SAOUHSC_02329","3920954"
"SAOUHSC_02330","3920955"
"SAOUHSC_02331","3920956"
"SAOUHSC_02332","3920957"
"SAOUHSC_02333","3920958"
"SAOUHSC_02334","3920959"
"SAOUHSC_02335","3920960"
"SAOUHSC_02336","3920961"
"SAOUHSC_02337","3920962"
"SAOUHSC_02338","3920963"
"SAOUHSC_02339","3920964"
"SAOUHSC_02340","3920965"
"SAOUHSC_02341","3920966"
"SAOUHSC_02343","3920967"
"SAOUHSC_02345","3920968"
"SAOUHSC_02346","3919390"
"SAOUHSC_02347","3919391"
"SAOUHSC_02349","3919392"
"SAOUHSC_02350","3919393"
"SAOUHSC_02351","3919394"
"SAOUHSC_02352","3919395"
"SAOUHSC_02353","3919396"
"SAOUHSC_02354","3919397"
"SAOUHSC_02355","3919398"
"SAOUHSC_02356","3919399"
"SAOUHSC_02357","3919400"
"SAOUHSC_02358","3919401"
"SAOUHSC_02359","3919402"
"SAOUHSC_02360","3919403"
"SAOUHSC_02361","3919404"
"SAOUHSC_02362","3919405"
"SAOUHSC_02363","3919406"
"SAOUHSC_02364","3919407"
"SAOUHSC_02365","3919408"
"SAOUHSC_02366","3919409"
"SAOUHSC_02367","3919410"
"SAOUHSC_02368","3919411"
"SAOUHSC_02369","3919412"
"SAOUHSC_02370","3919413"
"gene-SAOUHSC_A02254",NA
"SAOUHSC_02371","3919414"
"SAOUHSC_02372","3919415"
"SAOUHSC_02373","3919416"
"SAOUHSC_02374","3919417"
"SAOUHSC_02375","3919418"
"SAOUHSC_02376","3919419"
"SAOUHSC_02377","3919420"
"SAOUHSC_02378","3919421"
"SAOUHSC_02379","3919422"
"SAOUHSC_02380","3919423"
"SAOUHSC_02381","3919424"
"SAOUHSC_02382","3919425"
"SAOUHSC_02383","3919426"
"SAOUHSC_02384","3919427"
"SAOUHSC_02385","3919428"
"SAOUHSC_02386","3919603"
"SAOUHSC_02387","3919604"
"SAOUHSC_02388","3919605"
"SAOUHSC_02389","3919606"
"SAOUHSC_02390","3919607"
"SAOUHSC_02391","3919608"
"SAOUHSC_02392","3919609"
"SAOUHSC_02393","3919610"
"SAOUHSC_02394","3919611"
"gene-SAOUHSC_A02273",NA
"SAOUHSC_02396","3919612"
"SAOUHSC_02397","3919613"
"SAOUHSC_02399","3919614"
"SAOUHSC_02400","3919615"
"SAOUHSC_02401","3919616"
"SAOUHSC_02402","3919617"
"SAOUHSC_02403","3919618"
"SAOUHSC_02404","3919619"
"SAOUHSC_02405","3919620"
"SAOUHSC_02406","3919621"
"SAOUHSC_02407","3919622"
"SAOUHSC_02409","3919623"
"SAOUHSC_02410","3919624"
"SAOUHSC_02411","3919625"
"gene-SAOUHSC_T00037",NA
"SAOUHSC_02412","3919626"
"gene-SAOUHSC_T00017",NA
"gene-SAOUHSC_T00058",NA
"gene-SAOUHSC_T00061",NA
"gene-SAOUHSC_T00020",NA
"gene-SAOUHSC_T00010",NA
"gene-SAOUHSC_R00015",NA
"gene-SAOUHSC_R00010",NA
"gene-SAOUHSC_T00029",NA
"gene-SAOUHSC_R0005",NA
"SAOUHSC_02416","3919627"
"SAOUHSC_02417","3919628"
"SAOUHSC_02418","3919629"
"SAOUHSC_02419","3919630"
"SAOUHSC_02420","3919631"
"SAOUHSC_02422","3919632"
"SAOUHSC_02423","3919633"
"SAOUHSC_02424","3919634"
"SAOUHSC_02425","3919635"
"SAOUHSC_02426","3919636"
"SAOUHSC_02427","3919637"
"SAOUHSC_02428","3919638"
"SAOUHSC_02430","3919639"
"SAOUHSC_02432","3919640"
"SAOUHSC_02433","3919641"
"SAOUHSC_02434","3918999"
"SAOUHSC_02435","3919000"
"SAOUHSC_02436","3919001"
"SAOUHSC_02437","3919002"
"SAOUHSC_02438","3919003"
"SAOUHSC_02440","3919004"
"SAOUHSC_02441","3919005"
"SAOUHSC_02442","3919006"
"SAOUHSC_02443","3919007"
"SAOUHSC_02444","3919008"
"SAOUHSC_02445","3919009"
"SAOUHSC_02447","3919010"
"SAOUHSC_02448","3919011"
"SAOUHSC_02449","3919012"
"SAOUHSC_02450","3919013"
"SAOUHSC_02451","3919014"
"SAOUHSC_02452","3919015"
"SAOUHSC_02453","3919016"
"SAOUHSC_02454","3919017"
"SAOUHSC_02455","3919018"
"SAOUHSC_02456","3919019"
"SAOUHSC_02457","3919020"
"gene-SAOUHSC_A02331",NA
"SAOUHSC_02458","3919021"
"SAOUHSC_02459","3919022"
"SAOUHSC_02460","3919023"
"SAOUHSC_02461","3919024"
"SAOUHSC_02462","3919025"
"SAOUHSC_02463","3919026"
"SAOUHSC_02464","3919027"
"SAOUHSC_02465","3919028"
"SAOUHSC_02466","3919029"
"SAOUHSC_02467","3919030"
"SAOUHSC_02468","3919031"
"SAOUHSC_02469","3919032"
"SAOUHSC_02470","3919033"
"SAOUHSC_02471","3919034"
"SAOUHSC_02472","3919035"
"SAOUHSC_02473","3919036"
"SAOUHSC_02474","3919037"
"SAOUHSC_02475","3920853"
"SAOUHSC_02476","3920854"
"gene-SAOUHSC_A02350",NA
"SAOUHSC_02477","3920855"
"SAOUHSC_02478","3920856"
"SAOUHSC_02480","3920857"
"SAOUHSC_02481","3920858"
"SAOUHSC_02482","3920859"
"SAOUHSC_02483","3920860"
"SAOUHSC_02484","3920861"
"SAOUHSC_02485","3920862"
"SAOUHSC_02486","3920863"
"SAOUHSC_02487","3920864"
"SAOUHSC_02488","3920865"
"SAOUHSC_02489","3920866"
"SAOUHSC_02490","3920867"
"SAOUHSC_02491","3920868"
"SAOUHSC_02492","3920869"
"SAOUHSC_02493","3920870"
"SAOUHSC_02494","3920871"
"SAOUHSC_02495","3920872"
"SAOUHSC_02496","3920873"
"SAOUHSC_02498","3920874"
"SAOUHSC_02499","3920875"
"SAOUHSC_02500","3920876"
"SAOUHSC_02501","3920877"
"SAOUHSC_02502","3920878"
"SAOUHSC_02503","3920879"
"SAOUHSC_02504","3920880"
"SAOUHSC_02505","3920881"
"SAOUHSC_02506","3920882"
"SAOUHSC_02507","3920883"
"SAOUHSC_02508","3920884"
"SAOUHSC_02509","3920885"
"SAOUHSC_02510","3920886"
"SAOUHSC_02511","3920887"
"SAOUHSC_02512","3920888"
"SAOUHSC_02515","3920889"
"SAOUHSC_02516","3920890"
"SAOUHSC_02517","3920891"
"SAOUHSC_02518","3921109"
"SAOUHSC_02519","3921110"
"SAOUHSC_02520","3921111"
"SAOUHSC_02521","3921112"
"SAOUHSC_02522","3921113"
"SAOUHSC_02523","3921114"
"SAOUHSC_02524","3921115"
"SAOUHSC_02525","3921116"
"SAOUHSC_02527","3921117"
"SAOUHSC_02528","3921118"
"SAOUHSC_02529","3921119"
"SAOUHSC_02530","3921120"
"SAOUHSC_02531","3921121"
"SAOUHSC_02532","3921122"
"SAOUHSC_02533","3921123"
"SAOUHSC_02534","3921124"
"SAOUHSC_02535","3921125"
"SAOUHSC_02536","3921126"
"SAOUHSC_02537","3921127"
"SAOUHSC_02538","3921128"
"SAOUHSC_02540","3921129"
"SAOUHSC_02541","3921130"
"SAOUHSC_02542","3921131"
"SAOUHSC_02543","3921132"
"SAOUHSC_02544","3921133"
"SAOUHSC_02545","3921134"
"SAOUHSC_02546","3921135"
"SAOUHSC_02547","3921136"
"SAOUHSC_02549","3921137"
"SAOUHSC_02550","3921138"
"SAOUHSC_02551","3921139"
"SAOUHSC_02552","3921140"
"SAOUHSC_02553","3921141"
"SAOUHSC_02554","3921142"
"SAOUHSC_02555","3921143"
"SAOUHSC_02556","3921144"
"SAOUHSC_02557","3921145"
"SAOUHSC_02558","3921146"
"SAOUHSC_02559","3921147"
"SAOUHSC_02561","3921558"
"SAOUHSC_02562","3921559"
"SAOUHSC_02563","3921560"
"SAOUHSC_02564","3921561"
"SAOUHSC_02565","3921562"
"SAOUHSC_02566","3921563"
"SAOUHSC_02567","3921564"
"SAOUHSC_02568","3921565"
"SAOUHSC_02569","3921566"
"SAOUHSC_02570","3921567"
"SAOUHSC_02571","3921568"
"SAOUHSC_02572","3921569"
"SAOUHSC_02573","3921570"
"SAOUHSC_02574","3921571"
"SAOUHSC_02575","3921572"
"SAOUHSC_02576","3921573"
"gene-SAOUHSC_A02445",NA
"SAOUHSC_02577","3921574"
"SAOUHSC_02579","3921575"
"SAOUHSC_02580","3921576"
"gene-SAOUHSC_A02450",NA
"SAOUHSC_02581","3921577"
"SAOUHSC_02582","3921578"
"SAOUHSC_02583","3921579"
"SAOUHSC_02584","3921580"
"SAOUHSC_02585","3921581"
"SAOUHSC_02586","3921582"
"SAOUHSC_02587","3921583"
"SAOUHSC_02588","3921584"
"SAOUHSC_02589","3921585"
"SAOUHSC_02590","3921586"
"SAOUHSC_02591","3921587"
"SAOUHSC_02592","3921588"
"SAOUHSC_02593","3921589"
"SAOUHSC_02594","3921590"
"SAOUHSC_02595","3921591"
"SAOUHSC_02596","3921592"
"SAOUHSC_02597","3921593"
"SAOUHSC_02599","3921594"
"SAOUHSC_02600","3921595"
"SAOUHSC_02601","3921596"
"SAOUHSC_02602","3921380"
"SAOUHSC_02603","3921381"
"SAOUHSC_02604","3921382"
"SAOUHSC_02605","3921383"
"SAOUHSC_02606","3921384"
"SAOUHSC_02607","3921385"
"SAOUHSC_02608","3921386"
"SAOUHSC_02609","3921387"
"SAOUHSC_02610","3921388"
"SAOUHSC_02611","3921389"
"SAOUHSC_02612","3921390"
"SAOUHSC_02613","3921391"
"gene-SAOUHSC_A02483",NA
"SAOUHSC_02614","3921392"
"SAOUHSC_02615","3921393"
"SAOUHSC_02616","3921394"
"SAOUHSC_02618","3921395"
"SAOUHSC_02619","3921396"
"SAOUHSC_02620","3921397"
"SAOUHSC_02621","3921398"
"SAOUHSC_02622","3921399"
"SAOUHSC_02623","3921400"
"SAOUHSC_02624","3921401"
"SAOUHSC_02625","3921402"
"SAOUHSC_02626","3921403"
"SAOUHSC_02627","3921404"
"SAOUHSC_02628","3921405"
"SAOUHSC_02629","3921406"
"SAOUHSC_02630","3921407"
"SAOUHSC_02631","3921408"
"SAOUHSC_02632","3921409"
"SAOUHSC_02633","3921410"
"SAOUHSC_02634","3921411"
"SAOUHSC_02635","3921412"
"gene-SAOUHSC_A02503",NA
"SAOUHSC_02636","3921413"
"SAOUHSC_02637","3921414"
"SAOUHSC_02638","3921415"
"gene-SAOUHSC_A02505",NA
"SAOUHSC_02639","3921416"
"SAOUHSC_02640","3921417"
"SAOUHSC_02641","3921418"
"SAOUHSC_02643","3921205"
"SAOUHSC_02644","3921206"
"SAOUHSC_02645","3921207"
"SAOUHSC_02646","3921208"
"SAOUHSC_02647","3921209"
"SAOUHSC_02648","3921210"
"SAOUHSC_02649","3921211"
"SAOUHSC_02650","3921212"
"SAOUHSC_02651","3921213"
"SAOUHSC_02652","3921214"
"SAOUHSC_02653","3921215"
"SAOUHSC_02654","3921216"
"SAOUHSC_02655","3921217"
"SAOUHSC_02656","3921218"
"SAOUHSC_02657","3921219"
"SAOUHSC_02658","3921220"
"SAOUHSC_02659","3921221"
"SAOUHSC_02660","3921222"
"SAOUHSC_02661","3921223"
"SAOUHSC_02662","3921224"
"SAOUHSC_02663","3921225"
"SAOUHSC_02664","3921226"
"SAOUHSC_02665","3921227"
"SAOUHSC_02666","3921228"
"SAOUHSC_02667","3921229"
"SAOUHSC_02668","3921230"
"SAOUHSC_02669","3921231"
"SAOUHSC_02670","3921232"
"SAOUHSC_02671","3921233"
"SAOUHSC_02672","3921234"
"SAOUHSC_02673","3921235"
"SAOUHSC_02674","3921236"
"SAOUHSC_02675","3921237"
"SAOUHSC_02676","3921238"
"SAOUHSC_02677","3921239"
"SAOUHSC_02678","3921240"
"SAOUHSC_02679","3921241"
"SAOUHSC_02680","3921242"
"SAOUHSC_02681","3921243"
"SAOUHSC_02682","3919701"
"SAOUHSC_02683","3919702"
"SAOUHSC_02684","3919703"
"SAOUHSC_02685","3919704"
"SAOUHSC_02686","3919705"
"SAOUHSC_02687","3919706"
"SAOUHSC_02688","3919707"
"SAOUHSC_02689","3919708"
"SAOUHSC_02690","3919709"
"SAOUHSC_02691","3919710"
"SAOUHSC_02692","3919711"
"SAOUHSC_02693","3919712"
"SAOUHSC_02694","3919713"
"SAOUHSC_02695","3919714"
"SAOUHSC_02696","3919715"
"SAOUHSC_02697","3919716"
"SAOUHSC_02698","3919717"
"SAOUHSC_02699","3919718"
"SAOUHSC_02700","3919719"
"SAOUHSC_02701","3919720"
"SAOUHSC_02702","3919721"
"SAOUHSC_02703","3919722"
"SAOUHSC_02704","3919723"
"SAOUHSC_02705","3919724"
"SAOUHSC_02706","3919725"
"SAOUHSC_02707","3919726"
"SAOUHSC_02708","3919727"
"SAOUHSC_02709","3919728"
"SAOUHSC_02710","3919729"
"SAOUHSC_02711","3919730"
"SAOUHSC_02712","3919731"
"SAOUHSC_02713","3919732"
"SAOUHSC_02714","3919733"
"SAOUHSC_02715","3919734"
"SAOUHSC_02716","3919735"
"gene-SAOUHSC_A02577",NA
"SAOUHSC_02717","3919736"
"SAOUHSC_02718","3919737"
"SAOUHSC_02719","3919738"
"SAOUHSC_02720","3919739"
"SAOUHSC_02721","3921597"
"SAOUHSC_02722","3921598"
"SAOUHSC_02723","3921599"
"SAOUHSC_02724","3921600"
"SAOUHSC_02725","3921601"
"SAOUHSC_02726","3921602"
"SAOUHSC_02727","3921603"
"SAOUHSC_02728","3921604"
"SAOUHSC_02729","3921605"
"SAOUHSC_02731","3921606"
"SAOUHSC_02732","3921607"
"SAOUHSC_02733","3921608"
"SAOUHSC_02734","3921609"
"SAOUHSC_02736","3921610"
"SAOUHSC_02737","3921611"
"SAOUHSC_02738","3921612"
"SAOUHSC_02739","3921613"
"SAOUHSC_02740","3921614"
"SAOUHSC_02741","3921615"
"SAOUHSC_02742","3921616"
"SAOUHSC_02743","3921617"
"SAOUHSC_02744","3921618"
"SAOUHSC_02745","3921619"
"SAOUHSC_02746","3921620"
"SAOUHSC_02747","3921621"
"SAOUHSC_02750","3921622"
"SAOUHSC_02751","3921623"
"SAOUHSC_02752","3921624"
"SAOUHSC_02753","3921625"
"SAOUHSC_02754","3921626"
"SAOUHSC_02755","3921627"
"SAOUHSC_02756","3921628"
"SAOUHSC_02757","3921629"
"SAOUHSC_02758","3921630"
"SAOUHSC_02759","3921631"
"SAOUHSC_02760","3921632"
"SAOUHSC_02761","3921633"
"SAOUHSC_02762","3921634"
"SAOUHSC_02763","3921635"
"SAOUHSC_02764","3921419"
"SAOUHSC_02765","3921420"
"SAOUHSC_02766","3921421"
"SAOUHSC_02767","3921422"
"SAOUHSC_02768","3921423"
"SAOUHSC_02769","3921424"
"SAOUHSC_02770","3921425"
"SAOUHSC_02771","3921426"
"SAOUHSC_02772","3921427"
"SAOUHSC_02773","3921428"
"SAOUHSC_02774","3921429"
"SAOUHSC_02775","3921430"
"SAOUHSC_02776","3921431"
"gene-SAOUHSC_A02635",NA
"SAOUHSC_02777","3921432"
"SAOUHSC_02778","3921433"
"SAOUHSC_02779","3921434"
"SAOUHSC_02780","3921435"
"SAOUHSC_02781","3921436"
"SAOUHSC_02782","3921437"
"SAOUHSC_02783","3921438"
"SAOUHSC_02784","3921439"
"SAOUHSC_02785","3921440"
"SAOUHSC_02786","3921441"
"SAOUHSC_02787","3921442"
"SAOUHSC_02788","3921443"
"SAOUHSC_02789","3921444"
"SAOUHSC_02790","3921445"
"SAOUHSC_02791","3921446"
"SAOUHSC_02793","3921447"
"SAOUHSC_02794","3921448"
"SAOUHSC_02795","3921449"
"SAOUHSC_02796","3921450"
"SAOUHSC_02797","3921451"
"SAOUHSC_02798","3921452"
"SAOUHSC_02799","3921453"
"SAOUHSC_02800","3921454"
"SAOUHSC_02801","3921455"
"SAOUHSC_02802","3921456"
"SAOUHSC_02803","3921457"
"SAOUHSC_02804","3921244"
"SAOUHSC_02805","3921245"
"SAOUHSC_02806","3921246"
"SAOUHSC_02808","3921247"
"SAOUHSC_02809","3921248"
"SAOUHSC_02810","3921249"
"SAOUHSC_02811","3921250"
"SAOUHSC_02812","3921251"
"SAOUHSC_02813","3921252"
"SAOUHSC_02814","3921253"
"SAOUHSC_02815","3921254"
"SAOUHSC_02816","3921255"
"SAOUHSC_02817","3921256"
"SAOUHSC_02818","3921257"
"SAOUHSC_02819","3921258"
"SAOUHSC_02820","3921259"
"SAOUHSC_02821","3921260"
"SAOUHSC_02822","3921261"
"gene-SAOUHSC_A02680",NA
"SAOUHSC_02823","3921262"
"SAOUHSC_02824","3921263"
"SAOUHSC_02825","3921264"
"SAOUHSC_02826","3921265"
"SAOUHSC_02827","3921266"
"SAOUHSC_02828","3921267"
"SAOUHSC_02829","3921268"
"SAOUHSC_02830","3921269"
"SAOUHSC_02831","3921270"
"SAOUHSC_02832","3921271"
"SAOUHSC_02833","3921272"
"SAOUHSC_02834","3921273"
"SAOUHSC_02836","3921274"
"SAOUHSC_02837","3921275"
"SAOUHSC_02838","3921276"
"SAOUHSC_02839","3921277"
"SAOUHSC_02840","3921278"
"SAOUHSC_02841","3921279"
"SAOUHSC_02842","3921280"
"SAOUHSC_02843","3921281"
"SAOUHSC_02844","3921282"
"SAOUHSC_02845","3921519"
"SAOUHSC_02846","3921520"
"SAOUHSC_02848","3921521"
"SAOUHSC_02849","3921522"
"SAOUHSC_02850","3921523"
"SAOUHSC_02851","3921524"
"SAOUHSC_02852","3921525"
"SAOUHSC_02853","3921526"
"SAOUHSC_02855","3921527"
"SAOUHSC_02856","3921528"
"SAOUHSC_02857","3921529"
"SAOUHSC_02858","3921530"
"SAOUHSC_02859","3921531"
"SAOUHSC_02860","3921532"
"SAOUHSC_02861","3921533"
"SAOUHSC_02862","3921534"
"SAOUHSC_02863","3921535"
"SAOUHSC_02864","3921536"
"SAOUHSC_02865","3921537"
"SAOUHSC_02866","3921538"
"SAOUHSC_02867","3921539"
"SAOUHSC_02868","3921540"
"SAOUHSC_02869","3921541"
"SAOUHSC_02871","3921542"
"SAOUHSC_02872","3921543"
"SAOUHSC_02873","3921544"
"SAOUHSC_02874","3921545"
"SAOUHSC_02875","3921546"
"SAOUHSC_02876","3921547"
"SAOUHSC_02877","3921548"
"SAOUHSC_02879","3921549"
"SAOUHSC_02880","3921550"
"SAOUHSC_02881","3921551"
"SAOUHSC_02882","3921552"
"SAOUHSC_02883","3921553"
"SAOUHSC_02885","3921554"
"SAOUHSC_02886","3921555"
"SAOUHSC_02887","3921556"
"SAOUHSC_02888","3921557"
"SAOUHSC_02889","3921341"
"SAOUHSC_02890","3921342"
"SAOUHSC_02891","3921343"
"SAOUHSC_02892","3921344"
"SAOUHSC_02893","3921345"
"SAOUHSC_02894","3921346"
"SAOUHSC_02895","3921347"
"SAOUHSC_02896","3921348"
"SAOUHSC_02897","3921349"
"SAOUHSC_02898","3921350"
"SAOUHSC_02899","3921351"
"SAOUHSC_02900","3921352"
"SAOUHSC_02901","3921353"
"SAOUHSC_02902","3921354"
"SAOUHSC_02903","3921355"
"SAOUHSC_02904","3921356"
"SAOUHSC_02905","3921357"
"SAOUHSC_02906","3921358"
"SAOUHSC_02907","3921359"
"SAOUHSC_02908","3921360"
"SAOUHSC_02909","3921361"
"SAOUHSC_02910","3921362"
"SAOUHSC_02911","3921363"
"SAOUHSC_02912","3921364"
"SAOUHSC_02913","3921365"
"SAOUHSC_02914","3921366"
"SAOUHSC_02915","3921367"
"SAOUHSC_02916","3921368"
"SAOUHSC_02918","3921369"
"SAOUHSC_02919","3921370"
"SAOUHSC_02920","3921371"
"SAOUHSC_02921","3921372"
"SAOUHSC_02922","3921373"
"gene-SAOUHSC_A02771",NA
"SAOUHSC_02923","3921374"
"SAOUHSC_02924","3921375"
"SAOUHSC_02925","3921376"
"SAOUHSC_02926","3921377"
"SAOUHSC_02927","3921378"
"SAOUHSC_02928","3921379"
"SAOUHSC_02929","3921636"
"SAOUHSC_02930","3921637"
"SAOUHSC_02931","3921638"
"SAOUHSC_02932","3921639"
"SAOUHSC_02933","3921640"
"SAOUHSC_02934","3921641"
"SAOUHSC_02935","3921642"
"SAOUHSC_02936","3921643"
"SAOUHSC_02937","3921644"
"SAOUHSC_02939","3921645"
"SAOUHSC_02940","3921646"
"SAOUHSC_02941","3921647"
"SAOUHSC_02942","3921648"
"SAOUHSC_02943","3921649"
"SAOUHSC_02944","3921650"
"SAOUHSC_02945","3921651"
"SAOUHSC_02947","3921652"
"SAOUHSC_02948","3921653"
"SAOUHSC_02949","3921654"
"gene-SAOUHSC_A02794",NA
"SAOUHSC_02950","3921655"
"gene-SAOUHSC_A02795",NA
"SAOUHSC_02953","3921656"
"SAOUHSC_02954","3921657"
"SAOUHSC_02955","3921658"
"SAOUHSC_02956","3921659"
"SAOUHSC_02957","3921660"
"gene-SAOUHSC_A02801",NA
"SAOUHSC_02958","3921661"
"SAOUHSC_02960","3921662"
"SAOUHSC_02961","3921663"
"SAOUHSC_02962","3921664"
"SAOUHSC_02963","3921665"
"SAOUHSC_02964","3921666"
"SAOUHSC_02965","3921667"
"SAOUHSC_02967","3921668"
"SAOUHSC_02968","3921669"
"SAOUHSC_02969","3921670"
"gene-SAOUHSC_A02811",NA
"SAOUHSC_02970","3921671"
"SAOUHSC_02971","3921672"
"SAOUHSC_02972","3921673"
"SAOUHSC_02973","3921674"
"SAOUHSC_02974","3921458"
"SAOUHSC_02975","3921459"
"SAOUHSC_02976","3921460"
"SAOUHSC_02978","3921461"
"SAOUHSC_02979","3921462"
"SAOUHSC_02980","3921463"
"SAOUHSC_02982","3921464"
"SAOUHSC_02983","3921465"
"SAOUHSC_02984","3921466"
"SAOUHSC_02985","3921467"
"SAOUHSC_02986","3921468"
"SAOUHSC_02987","3921469"
"SAOUHSC_02988","3921470"
"SAOUHSC_02989","3921471"
"SAOUHSC_02990","3921472"
"SAOUHSC_02991","3921473"
"SAOUHSC_02992","3921474"
"SAOUHSC_02993","3921475"
"SAOUHSC_02994","3921476"
"SAOUHSC_02995","3921477"
"SAOUHSC_02996","3921478"
"SAOUHSC_02997","3921479"
"SAOUHSC_02998","3921480"
"SAOUHSC_02999","3921481"
"SAOUHSC_03000","3921482"
"SAOUHSC_03001","3921483"
"SAOUHSC_03002","3921484"
"SAOUHSC_03003","3921485"
"SAOUHSC_03004","3921486"
"SAOUHSC_03005","3921487"
"SAOUHSC_03006","3921488"
"gene-SAOUHSC_A02856",NA
"SAOUHSC_03008","3921489"
"SAOUHSC_03009","3921490"
"SAOUHSC_03010","3921491"
"SAOUHSC_03011","3921492"
"SAOUHSC_03012","3921493"
"SAOUHSC_03013","3921494"
"SAOUHSC_03014","3921495"
"SAOUHSC_03015","3921496"
"SAOUHSC_03016","3921283"
"SAOUHSC_03017","3921284"
"SAOUHSC_03018","3921285"
"SAOUHSC_03019","3921286"
"SAOUHSC_03020","3921287"
"SAOUHSC_03021","3921288"
"SAOUHSC_03022","3921289"
"SAOUHSC_03023","3921290"
"SAOUHSC_03024","3921291"
"SAOUHSC_03025","3921292"
"SAOUHSC_03026","3921293"
"SAOUHSC_03027","3921294"
"SAOUHSC_03028","3921295"
"SAOUHSC_03030","3921296"
"SAOUHSC_03031","3921297"
"SAOUHSC_03032","3921298"
"SAOUHSC_03033","3921299"
"SAOUHSC_03034","3921300"
"SAOUHSC_03035","3921301"
"SAOUHSC_03036","3921302"
"SAOUHSC_03037","3921303"
"SAOUHSC_03038","3921304"
"SAOUHSC_03040","3921305"
"SAOUHSC_03041","3921306"
"SAOUHSC_03042","3921307"
"SAOUHSC_03043","3921308"
"SAOUHSC_03045","3921309"
"SAOUHSC_03046","3921310"
"SAOUHSC_03047","3921311"
"SAOUHSC_03048","3921312"
"SAOUHSC_03049","3921313"
"SAOUHSC_03051","3921314"
"SAOUHSC_03052","3921315"
"SAOUHSC_03053","3921316"
"SAOUHSC_03054","3921317"
"SAOUHSC_03055","3921318"
